timestamp,diameter,betw_var
2014-04-04,7.0,0.009569434090911473
2014-04-07,7.0,0.009810082335835206
2014-04-08,7.0,0.010036885046980727
2014-04-10,7.0,0.010234716423061898
2014-04-11,7.0,0.01044701445059524
2014-04-14,8.0,0.010660440195629728
2014-04-15,9.0,0.010931753098560046
2014-04-16,10.0,0.01137866536177329
2014-04-17,10.0,0.011617364101338715
2014-04-18,10.0,0.011930223513338578
2014-04-21,10.0,0.012355824590587847
2014-04-22,10.0,0.012521977732953712
2014-04-23,10.0,0.012890914548933867
2014-04-24,10.0,0.013264915233050196
2014-04-25,10.0,0.013817059538780057
2014-04-28,10.0,0.014075812273087367
2014-04-29,10.0,0.014301938461675878
2014-05-05,10.0,0.014977346069608427
2014-05-06,10.0,0.015102260398313073
2014-05-07,10.0,0.015255977144544953
2014-05-08,10.0,0.015381304209108685
2014-05-09,10.0,0.015537446703205591
2014-05-12,10.0,0.015726285070966572
2014-05-13,10.0,0.015947565603504403
2014-05-14,10.0,0.016090452028125223
2014-05-15,11.0,0.01608344415963794
2014-05-16,10.0,0.016029538932250956
2014-05-19,10.0,0.01598919608965599
2014-05-20,10.0,0.01602350541182615
2014-05-21,10.0,0.015916726363313927
2014-05-22,10.0,0.015855084955571454
2014-05-23,9.0,0.01578384416747904
2014-05-26,9.0,0.01564933764635847
2014-05-27,8.0,0.014345674568080547
2014-05-28,8.0,0.013478509104976949
2014-05-29,9.0,0.01325561283074656
2014-05-30,9.0,0.010135892814929465
2014-06-02,8.0,0.009670401751158056
2014-06-03,8.0,0.009220982506579375
2014-06-04,8.0,0.008805448381089055
2014-06-05,8.0,0.00841693963779384
2014-06-06,7.0,0.006998164053923953
2014-06-09,7.0,0.005955959495109481
2014-06-10,7.0,0.00521988948411362
2014-06-11,7.0,0.00456136607286013
2014-06-12,6.0,0.004017852983538668
2014-06-13,6.0,0.003577464621603228
2014-06-16,5.0,0.003326635241710713
2014-06-17,5.0,0.003117328962293997
2014-06-18,5.0,0.002953033299393369
2014-06-19,6.0,0.0028729675556206044
2014-06-20,7.0,0.002883327578306936
2014-06-23,6.0,0.002980017965556971
2014-06-24,6.0,0.0027983697474811666
2014-06-25,6.0,0.002148617482705632
2014-06-26,6.0,0.0019398050368512375
2014-06-27,6.0,0.0017976264573062244
2014-06-30,6.0,0.0016701458260839255
2014-07-01,6.0,0.0015468223043257519
2014-07-02,6.0,0.0014381361756422141
2014-07-03,6.0,0.0012846978369635343
2014-07-04,5.0,0.0012177700259172399
2014-07-07,5.0,0.001241049884287426
2014-07-08,5.0,0.00126396673581549
2014-07-09,5.0,0.0014728443807521018
2014-07-10,5.0,0.0018422961035114908
2014-07-11,6.0,0.0022621226479015047
2014-07-14,6.0,0.002366315334027766
2014-07-15,6.0,0.002916271974728693
2014-07-16,6.0,0.0030729810687771244
2014-07-17,6.0,0.003301659678676179
2014-07-18,6.0,0.00268722862341493
2014-07-21,6.0,0.0022460516922248254
2014-07-22,6.0,0.0023427199076188118
2014-07-23,6.0,0.0027693332835056375
2014-07-24,6.0,0.0027544062967789
2014-07-25,6.0,0.0036809743559021698
2014-07-28,7.0,0.005993953819924517
2014-07-29,7.0,0.0060308519972727135
2014-07-30,7.0,0.009588361517629866
2014-07-31,7.0,0.0095271882180406
2014-08-01,9.0,0.012107413676855226
2014-08-04,9.0,0.011823081806777859
2014-08-05,9.0,0.011221594970509945
2014-08-06,9.0,0.010993321087086222
2014-08-07,8.0,0.010830546863335348
2014-08-08,8.0,0.01064879802466025
2014-08-11,9.0,0.01052500714698497
2014-08-12,9.0,0.010517213972786188
2014-08-13,9.0,0.010576332720172959
2014-08-14,9.0,0.010719843407389596
2014-08-15,9.0,0.010858255760143569
2014-08-18,8.0,0.011107097674806181
2014-08-19,8.0,0.011390100719805155
2014-08-20,8.0,0.01165688199126413
2014-08-21,7.0,0.011308453997450316
2014-08-22,7.0,0.009391444835834322
2014-08-25,7.0,0.008659675323495037
2014-08-26,6.0,0.004982598353078444
2014-08-27,6.0,0.004920713527818898
2014-08-28,6.0,0.004136476937736644
2014-08-29,6.0,0.003213869616506373
2014-09-03,6.0,0.0025181319921032306
2014-09-04,6.0,0.002545401470779441
2014-09-05,6.0,0.0026020200520761438
2014-09-08,6.0,0.002997226981705444
2014-09-09,6.0,0.003779118062588347
2014-09-10,6.0,0.004779058325027995
2014-09-11,6.0,0.005760148336188264
2014-09-12,6.0,0.005769468206483037
2014-09-15,10.0,0.0057976009939783415
2014-09-16,10.0,0.005556757248579653
2014-09-17,9.0,0.005492168374507224
2014-09-18,10.0,0.005542365738645976
2014-09-19,9.0,0.005797475027974691
2014-09-22,9.0,0.006188192766633636
2014-09-23,9.0,0.006678391917880751
2014-09-24,10.0,0.007249527157738222
2014-09-25,10.0,0.007954095446050566
2014-09-26,9.0,0.008787572707534691
2014-09-29,9.0,0.00965464692341842
2014-09-30,9.0,0.010574679699625843
2014-10-01,7.0,0.00899416757842956
2014-10-02,6.0,0.008513198244495453
2014-10-03,6.0,0.008866757831700012
2014-10-06,7.0,0.008822575262579764
2014-10-07,6.0,0.008888719582491517
2014-10-08,6.0,0.008909481027334527
2014-10-09,6.0,0.008902631631915521
2014-10-10,6.0,0.00903454417515293
2014-10-13,6.0,0.009203684468707861
2014-10-14,7.0,0.009357725520555022
2014-10-15,7.0,0.009603180303011083
2014-10-16,7.0,0.009729398190789728
2014-10-17,7.0,0.009906332156032047
2014-10-20,7.0,0.010176602705316867
2014-10-21,7.0,0.01047788046949999
2014-10-22,7.0,0.010390893331726297
2014-10-23,7.0,0.010305963066393085
2014-10-24,7.0,0.010267404542290245
2014-10-27,8.0,0.010210378785531026
2014-10-28,8.0,0.01019617782387976
2014-10-29,7.0,0.010023493962091568
2014-10-30,7.0,0.00996404662143427
2014-10-31,7.0,0.009779407344519899
2014-11-03,7.0,0.009606477150109045
2014-11-04,7.0,0.009457671350614687
2014-11-05,7.0,0.009378203514357279
2014-11-06,7.0,0.009440563316218674
2014-11-07,7.0,0.00962867234722563
2014-11-10,8.0,0.009460561282690764
2014-11-11,8.0,0.008904749878045242
2014-11-12,8.0,0.008431147774030218
2014-11-13,8.0,0.008000425540501446
2014-11-14,9.0,0.007583292570408176
2014-11-17,8.0,0.007334835717660249
2014-11-18,8.0,0.00718825672130982
2014-11-19,8.0,0.007164871310216641
2014-11-20,8.0,0.007238207530609182
2014-11-21,9.0,0.007393737170726827
2014-11-24,9.0,0.007667509604569892
2014-11-25,7.0,0.008009720344977172
2014-11-26,7.0,0.008418916583752538
2014-11-27,7.0,0.008902149154500246
2014-11-28,7.0,0.009451882059861352
2014-12-01,8.0,0.010120231405782413
2014-12-02,7.0,0.010733217774468241
2014-12-03,7.0,0.010873718206087048
2014-12-04,7.0,0.011261279246298305
2014-12-05,7.0,0.011682097432185313
2014-12-08,7.0,0.01207515862354737
2014-12-09,8.0,0.012438219804509341
2014-12-10,8.0,0.012881966141348074
2014-12-11,8.0,0.013284888302922156
2014-12-12,8.0,0.013556820316975528
2014-12-15,8.0,0.01388021442715697
2014-12-16,9.0,0.014188664979151557
2014-12-17,10.0,0.0144452404590627
2014-12-18,10.0,0.014773640462579955
2014-12-19,11.0,0.01508674259774281
2014-12-22,10.0,0.014957936322941382
2014-12-23,9.0,0.015079896607708079
2014-12-24,9.0,0.015089629746690782
2014-12-25,9.0,0.015101903456025462
2014-12-26,9.0,0.015103233035179667
2014-12-29,9.0,0.015012808862347484
2014-12-30,9.0,0.014852405821680329
2014-12-31,9.0,0.014669421035711862
2015-01-05,10.0,0.01487838829559714
2015-01-06,9.0,0.014084674424139689
2015-01-07,9.0,0.015020245908713944
2015-01-08,9.0,0.014624500334288165
2015-01-09,9.0,0.01370191073572816
2015-01-12,8.0,0.010610129382272907
2015-01-13,8.0,0.008503386106518412
2015-01-14,7.0,0.00801378518376861
2015-01-15,7.0,0.007533693460295852
2015-01-16,7.0,0.00708781406051128
2015-01-19,8.0,0.006657188784297732
2015-01-20,9.0,0.006395541274716009
2015-01-21,9.0,0.0059921039310850705
2015-01-22,7.0,0.005551200394143951
2015-01-23,7.0,0.003919908186573124
2015-01-26,6.0,0.0036164399012805883
2015-01-27,6.0,0.0033764585698192883
2015-01-28,6.0,0.002859885475412927
2015-01-29,6.0,0.002563806661367942
2015-01-30,6.0,0.00236581446121338
2015-02-02,5.0,0.002323259899141061
2015-02-03,6.0,0.0023774990063853588
2015-02-04,6.0,0.0025538647238822895
2015-02-05,6.0,0.0028063520471412343
2015-02-06,6.0,0.00309092664055064
2015-02-09,6.0,0.003483027905258709
2015-02-10,6.0,0.0038635479380386044
2015-02-11,6.0,0.002832281795643473
2015-02-12,6.0,0.002550517879292349
2015-02-13,5.0,0.0023356011836289923
2015-02-24,5.0,0.0025492978171141887
2015-02-25,5.0,0.002921749028522383
2015-02-26,5.0,0.0029691587081268718
2015-02-27,6.0,0.004475887685075331
2015-03-02,6.0,0.004415639974131813
2015-03-03,6.0,0.004344029552687615
2015-03-04,6.0,0.0035509122271090215
2015-03-05,6.0,0.003506601462717275
2015-03-06,5.0,0.003531612060240518
2015-03-09,6.0,0.0035992080502928367
2015-03-10,6.0,0.003684779456397985
2015-03-11,6.0,0.00496113347371914
2015-03-12,6.0,0.00796889210033049
2015-03-13,6.0,0.008223030776914894
2015-03-16,7.0,0.008518757756308356
2015-03-17,7.0,0.008827683376676285
2015-03-18,7.0,0.009170758557098733
2015-03-19,8.0,0.009546363204256104
2015-03-20,8.0,0.009912320693599807
2015-03-23,7.0,0.01023754320986783
2015-03-24,7.0,0.010593129029395108
2015-03-25,8.0,0.01097352776026683
2015-03-26,8.0,0.011401111084669225
2015-03-27,8.0,0.01185551379500619
2015-03-30,9.0,0.012340928604149733
2015-03-31,8.0,0.012653592491488126
2015-04-01,8.0,0.013178450830051537
2015-04-02,8.0,0.013423262445919737
2015-04-03,8.0,0.013724484677963328
2015-04-06,8.0,0.014165708380519993
2015-04-07,8.0,0.014374733633053976
2015-04-08,8.0,0.013352142055218268
2015-04-09,7.0,0.011456625468763408
2015-04-10,6.0,0.010521221627748817
2015-04-13,6.0,0.009885869961799925
2015-04-14,6.0,0.00964038707564768
2015-04-15,6.0,0.009347606979856454
2015-04-16,6.0,0.008945987893037782
2015-04-17,6.0,0.008779978773060514
2015-04-20,6.0,0.008348131758894744
2015-04-21,6.0,0.007949117061110532
2015-04-22,6.0,0.007584927370339696
2015-04-23,6.0,0.007258091050479731
2015-04-24,6.0,0.006723214700188136
2015-04-27,6.0,0.00638954598896618
2015-05-04,6.0,0.006071252789149924
2015-05-05,6.0,0.005840199051527919
2015-05-06,6.0,0.005637553971167404
2015-05-07,6.0,0.005346707894486457
2015-05-08,6.0,0.00513567655687201
2015-05-11,6.0,0.0050220420815767245
2015-05-12,7.0,0.004770892213809752
2015-05-13,7.0,0.004639279069214881
2015-05-14,7.0,0.0045390324914626945
2015-05-15,7.0,0.004536306029805708
2015-05-18,8.0,0.004596590141817563
2015-05-19,7.0,0.0046322623346343825
2015-05-20,6.0,0.0043270119700347266
2015-05-21,6.0,0.0033924795129797983
2015-05-22,5.0,0.0023691582625859423
2015-05-25,5.0,0.0018070829406003173
2015-05-26,5.0,0.0013666699553195898
2015-05-27,5.0,0.0013218499219754467
2015-05-28,5.0,0.0010172040864674262
2015-05-29,5.0,0.0010961430089581681
2015-06-01,5.0,0.0009332827130176735
2015-06-02,5.0,0.001059905496336103
2015-06-03,5.0,0.0011604612864417638
2015-06-04,5.0,0.0013274688257660398
2015-06-05,5.0,0.0011204199884415182
2015-06-08,5.0,0.0010752674721550251
2015-06-09,5.0,0.0010590125872669094
2015-06-10,5.0,0.001180770386623277
2015-06-11,5.0,0.0012601769335534483
2015-06-12,5.0,0.001202427691316311
2015-06-15,5.0,0.001292942984302904
2015-06-16,5.0,0.0015744109314062055
2015-06-17,5.0,0.0014717003057546911
2015-06-18,6.0,0.0018308898915767391
2015-06-19,6.0,0.0024800896526906207
2015-06-22,6.0,0.0027596235134591924
2015-06-23,6.0,0.0036136899971254952
2015-06-24,6.0,0.003500518409166382
2015-06-25,6.0,0.003463936184800408
2015-06-26,6.0,0.003404754412458274
2015-06-29,6.0,0.0033253688592409457
2015-06-30,6.0,0.0032900712869238214
2015-07-01,6.0,0.0032903593525070514
2015-07-02,6.0,0.0025250386483041004
2015-07-03,6.0,0.0019272367329386125
2015-07-06,6.0,0.0016682672464099998
2015-07-07,6.0,0.0013184659742731665
2015-07-08,6.0,0.0011779764091324023
2015-07-09,6.0,0.0011288567012404105
2015-07-10,6.0,0.001156233793975069
2015-07-13,5.0,0.001238084383115691
2015-07-14,5.0,0.0012076337588912596
2015-07-15,5.0,0.0012680016134812902
2015-07-16,5.0,0.0015284934938250634
2015-07-17,5.0,0.0018351544190047518
2015-07-20,6.0,0.0019705760123699045
2015-07-21,6.0,0.002076737177935933
2015-07-22,6.0,0.002160813699609346
2015-07-23,6.0,0.0030010939497056082
2015-07-24,6.0,0.0042748186256860755
2015-07-27,6.0,0.004620909026678266
2015-07-28,6.0,0.005161456027475217
2015-07-29,7.0,0.005532608918193684
2015-07-30,7.0,0.005924665590358852
2015-07-31,7.0,0.006687410966010104
2015-08-03,9.0,0.007908009740019166
2015-08-04,9.0,0.008359559737890052
2015-08-05,9.0,0.008978940225207215
2015-08-06,9.0,0.009254605415960604
2015-08-07,9.0,0.009566911010620072
2015-08-10,9.0,0.009471555090569184
2015-08-11,8.0,0.009718979366635924
2015-08-12,8.0,0.009934809621769375
2015-08-13,8.0,0.010187987657387374
2015-08-14,8.0,0.010485514643226567
2015-08-17,8.0,0.010824674340790931
2015-08-18,8.0,0.01114603816893206
2015-08-19,8.0,0.011498666868531527
2015-08-20,8.0,0.01185232194477514
2015-08-21,8.0,0.012130769091034733
2015-08-24,9.0,0.01254122003877406
2015-08-25,9.0,0.012795200843803343
2015-08-26,9.0,0.013031652216514526
2015-08-27,9.0,0.013015938174945303
2015-08-28,9.0,0.013036793216493469
2015-08-31,9.0,0.013324738886958148
2015-09-01,9.0,0.013337937666145673
2015-09-03,9.0,0.01333493849914569
2015-09-04,9.0,0.01335077302861981
2015-09-07,9.0,0.013044029745422096
2015-09-08,9.0,0.012986912970935174
2015-09-09,9.0,0.011068421711336096
2015-09-10,9.0,0.010316116273416375
2015-09-11,9.0,0.009880031102851456
2015-09-14,9.0,0.009485042351468274
2015-09-15,9.0,0.009174689724485192
2015-09-16,9.0,0.00894707846436686
2015-09-17,9.0,0.008821165116777876
2015-09-18,9.0,0.007931687899430205
2015-09-21,9.0,0.0068133399222701264
2015-09-22,9.0,0.0060150956536565905
2015-09-23,10.0,0.005415042703064134
2015-09-24,9.0,0.00489351196213532
2015-09-25,8.0,0.004506414142273147
2015-09-28,7.0,0.0041675715350553925
2015-09-29,7.0,0.0038934807493454264
2015-09-30,7.0,0.0036875738020569772
2015-10-01,7.0,0.003558835820395342
2015-10-02,7.0,0.0032086283448705595
2015-10-05,6.0,0.002693321920845401
2015-10-06,6.0,0.0023542559200267345
2015-10-07,6.0,0.0023471267044408465
2015-10-08,6.0,0.0019419608355719581
2015-10-09,6.0,0.0015924264726849973
2015-10-12,7.0,0.0013694810551615369
2015-10-13,7.0,0.0011956530946079479
2015-10-14,6.0,0.001143792547118064
2015-10-15,5.0,0.0010136163105460723
2015-10-16,5.0,0.0009611533211821287
2015-10-19,5.0,0.0009141577363943821
2015-10-20,5.0,0.0009736405800706021
2015-10-21,5.0,0.0010706709253162985
2015-10-22,5.0,0.0009962131761676878
2015-10-23,5.0,0.0010396913777243218
2015-10-26,6.0,0.0012926040198227356
2015-10-27,6.0,0.0012570244519997408
2015-10-28,5.0,0.0012641028489003118
2015-10-29,5.0,0.0010257400182041728
2015-10-30,5.0,0.0009637310019535965
2015-11-02,4.0,0.0009455830564247945
2015-11-03,4.0,0.0009910130362483967
2015-11-04,4.0,0.0011911616817884114
2015-11-05,4.0,0.0013078179045080348
2015-11-06,4.0,0.001567020306067397
2015-11-09,4.0,0.0019435294511292729
2015-11-10,5.0,0.002008107724274322
2015-11-11,5.0,0.002339076633002755
2015-11-12,5.0,0.0030005653620484834
2015-11-13,5.0,0.0034229533751007233
2015-11-16,5.0,0.0034191257285653173
2015-11-17,6.0,0.0034707302708303334
2015-11-18,6.0,0.003622582733610931
2015-11-19,6.0,0.0038484911029334555
2015-11-20,6.0,0.003992114379082088
2015-11-23,6.0,0.004968323143556762
2015-11-24,7.0,0.005237057165138407
2015-11-25,7.0,0.005578785754183811
2015-11-26,7.0,0.005977046367398858
2015-11-27,8.0,0.0064426544016969395
2015-11-30,9.0,0.007008224699096492
2015-12-01,9.0,0.007663650138410743
2015-12-02,8.0,0.00868782897933007
2015-12-03,8.0,0.010198884094006544
2015-12-04,8.0,0.012563412414004323
2015-12-07,8.0,0.012970845706034857
2015-12-08,8.0,0.012759707376179045
2015-12-09,8.0,0.013139337061835997
2015-12-10,8.0,0.013543760735524093
2015-12-11,8.0,0.01397100175329554
2015-12-14,8.0,0.01434524527938674
2015-12-15,8.0,0.014081458188754604
2015-12-16,8.0,0.01408782760030564
2015-12-17,8.0,0.014078654959288324
2015-12-18,9.0,0.014462493945580376
2015-12-21,9.0,0.014576782991155833
2015-12-22,9.0,0.014394229869705611
2015-12-23,9.0,0.014243617868028089
2015-12-24,9.0,0.014124316642184534
2015-12-25,9.0,0.014047190756760896
2015-12-28,8.0,0.01114313027086265
2015-12-29,7.0,0.009949269101462628
2015-12-30,7.0,0.009225017991296734
2015-12-31,7.0,0.008813444117157936
2016-01-04,7.0,0.008503192586034535
2016-01-05,7.0,0.008478493522592655
2016-01-06,7.0,0.00871562463068833
2016-01-07,7.0,0.008214628604011207
2016-01-08,7.0,0.007744769496426714
2016-01-11,7.0,0.007330393214836156
2016-01-12,7.0,0.006975822183246381
2016-01-13,8.0,0.00665055565768166
2016-01-14,9.0,0.006392025702239092
2016-01-15,10.0,0.006233407461177393
2016-01-18,12.0,0.0066408819361823395
2016-01-19,11.0,0.006579983867326397
2016-01-20,11.0,0.0067022091808794345
2016-01-21,11.0,0.006996506371848307
2016-01-22,9.0,0.007293055519788581
2016-01-25,8.0,0.006899268603670853
2016-01-26,7.0,0.007281952170239778
2016-01-27,7.0,0.007102669458312741
2016-01-28,7.0,0.007375510947215358
2016-01-29,7.0,0.0074504219364185725
2016-02-01,7.0,0.007694755424522347
2016-02-02,7.0,0.007976094608803917
2016-02-03,7.0,0.00829111993396211
2016-02-04,7.0,0.008380196543601195
2016-02-05,7.0,0.006410908258201316
2016-02-15,7.0,0.0064294662370727425
2016-02-16,6.0,0.0060811578623367465
2016-02-17,6.0,0.006066459822334283
2016-02-18,6.0,0.005700447267370705
2016-02-19,6.0,0.003601601175294076
2016-02-22,5.0,0.0036789512497970448
2016-02-23,5.0,0.004094627319388465
2016-02-24,5.0,0.002842588037018809
2016-02-25,5.0,0.004727597993617367
2016-02-26,6.0,0.007385434615707801
2016-02-29,6.0,0.00797337553252952
2016-03-01,6.0,0.007996089390352252
2016-03-02,6.0,0.0065745112096421195
2016-03-03,6.0,0.006353260045502901
2016-03-04,6.0,0.005669236286721381
2016-03-07,6.0,0.005081327457940681
2016-03-08,6.0,0.004663615128577674
2016-03-09,6.0,0.004276559193941335
2016-03-10,6.0,0.0039380134408973574
2016-03-11,6.0,0.003508268192266411
2016-03-14,6.0,0.003156856129030283
2016-03-15,5.0,0.00285538112188711
2016-03-16,5.0,0.002617762159612751
2016-03-17,5.0,0.0023446565547006674
2016-03-18,5.0,0.0021694623449149335
2016-03-21,6.0,0.0020363448497522844
2016-03-22,6.0,0.0019642679838626177
2016-03-23,6.0,0.001980684725326307
2016-03-24,6.0,0.0020458435457864628
2016-03-25,6.0,0.0020921304847285826
2016-03-28,6.0,0.002137684341173487
2016-03-29,6.0,0.0023412506880194856
2016-03-30,6.0,0.0026181449025015876
2016-03-31,7.0,0.002975292394728455
2016-04-01,7.0,0.0037689496935298748
2016-04-04,7.0,0.00411000003899737
2016-04-05,7.0,0.004276894145300564
2016-04-06,7.0,0.005472946347405092
2016-04-07,7.0,0.0066404738600211915
2016-04-08,7.0,0.0063015788897642375
2016-04-11,7.0,0.006027655286910243
2016-04-12,7.0,0.009002230666889845
2016-04-13,7.0,0.010016002157789777
2016-04-14,7.0,0.01248235463855173
2016-04-15,8.0,0.01280464090923193
2016-04-19,7.0,0.012776091147375957
2016-04-20,7.0,0.012757870408572408
2016-04-21,7.0,0.012776634279018562
2016-04-22,6.0,0.010481971464373983
2016-04-25,6.0,0.010480872064286663
2016-04-26,6.0,0.009136261216467633
2016-04-27,6.0,0.008917405580920124
2016-04-28,6.0,0.00871310893295227
2016-04-29,6.0,0.008497918394782792
2016-05-04,6.0,0.008306807772374816
2016-05-05,6.0,0.008134776238970513
2016-05-06,6.0,0.0069642678649131816
2016-05-09,6.0,0.006620940882837508
2016-05-10,6.0,0.006285470606098428
2016-05-11,6.0,0.005164425414918542
2016-05-12,6.0,0.0048502156165255335
2016-05-13,7.0,0.004673185159507363
2016-05-16,6.0,0.004438891735646112
2016-05-17,6.0,0.003566748867846447
2016-05-18,5.0,0.0033659447570213905
2016-05-19,5.0,0.003200955578192422
2016-05-20,6.0,0.00312550874609734
2016-05-23,6.0,0.0031795543760683013
2016-05-24,6.0,0.0031861756506298073
2016-05-25,6.0,0.0031259107824862914
2016-05-26,6.0,0.003200016741371195
2016-05-27,6.0,0.003213348482404831
2016-05-30,5.0,0.003299775398494961
2016-05-31,5.0,0.0034031515584898617
2016-06-01,5.0,0.003556821209500958
2016-06-02,5.0,0.003912285116497443
2016-06-03,5.0,0.003948224991311097
2016-06-06,6.0,0.004117962529542085
2016-06-07,5.0,0.00423728870205895
2016-06-08,5.0,0.004356984791438965
2016-06-09,5.0,0.004546135634364352
2016-06-10,5.0,0.0047139418411349665
2016-06-13,6.0,0.004914832502650845
2016-06-14,6.0,0.0052647668438655934
2016-06-15,6.0,0.005605773729696146
2016-06-16,6.0,0.0058200026783840975
2016-06-17,7.0,0.006078218541171304
2016-06-20,6.0,0.006520532911393028
2016-06-21,6.0,0.006686873694694024
2016-06-22,6.0,0.0068816959343973435
2016-06-23,6.0,0.007519227750983634
2016-06-24,6.0,0.00770543314412686
2016-06-27,6.0,0.008792653503117564
2016-06-28,6.0,0.008853051824082941
2016-06-29,6.0,0.008960247475714783
2016-06-30,6.0,0.009038647097352763
2016-07-01,6.0,0.007394073534335124
2016-07-04,6.0,0.006761823066189929
2016-07-05,6.0,0.006303903197891649
2016-07-06,6.0,0.006163861217716177
2016-07-07,6.0,0.006377183974486436
2016-07-08,6.0,0.00613064745027156
2016-07-11,6.0,0.005867341269510504
2016-07-12,6.0,0.005697595157107069
2016-07-13,6.0,0.004979502570593633
2016-07-14,6.0,0.0046870319679205835
2016-07-15,6.0,0.004464018319047108
2016-07-18,5.0,0.004315574623988715
2016-07-19,5.0,0.004184131345404415
2016-07-20,6.0,0.004120764148194679
2016-07-21,6.0,0.004232449532939839
2016-07-22,7.0,0.004477357774115679
2016-07-25,6.0,0.004532818044726039
2016-07-26,6.0,0.004555759917136788
2016-07-27,6.0,0.0046452846155299
2016-07-28,6.0,0.004818393405845584
2016-07-29,6.0,0.005076215858407793
2016-08-01,6.0,0.005338441651752093
2016-08-02,7.0,0.005672679235841398
2016-08-03,7.0,0.006072205658020002
2016-08-04,7.0,0.006544781588844849
2016-08-05,7.0,0.007084722117364762
2016-08-08,7.0,0.007445325337425178
2016-08-09,7.0,0.008026369929373785
2016-08-10,6.0,0.008160594703384745
2016-08-11,6.0,0.008608382388412774
2016-08-12,6.0,0.009308200256203618
2016-08-15,6.0,0.009708956007668324
2016-08-16,6.0,0.00996218684627228
2016-08-17,7.0,0.009930604968390816
2016-08-18,7.0,0.009824593433310451
2016-08-19,6.0,0.007756186723928168
2016-08-22,6.0,0.007698107857518595
2016-08-23,6.0,0.007651929375037138
2016-08-24,6.0,0.007638354800045198
2016-08-25,6.0,0.007735127910089389
2016-08-26,6.0,0.006769614706214237
2016-08-29,5.0,0.0063111781940321165
2016-08-30,5.0,0.0059032906341029145
2016-08-31,5.0,0.005658900123610542
2016-09-01,5.0,0.005580366995638876
2016-09-05,5.0,0.005558818698912151
2016-09-06,5.0,0.005441636525039389
2016-09-07,5.0,0.005394535017044242
2016-09-08,5.0,0.0054436294867555735
2016-09-09,5.0,0.005440280937245938
2016-09-12,5.0,0.005394667509565841
2016-09-13,5.0,0.005426691506216471
2016-09-14,5.0,0.005636648424926343
2016-09-15,5.0,0.0055017392103432665
2016-09-16,8.0,0.006220253588792965
2016-09-19,8.0,0.006026990607131864
2016-09-20,8.0,0.005503687253500065
2016-09-21,8.0,0.00517960074885218
2016-09-22,8.0,0.0049694936143272
2016-09-23,7.0,0.004828628669053207
2016-09-26,6.0,0.0037069244905814647
2016-09-27,5.0,0.002795216720372345
2016-09-28,5.0,0.002483853795430339
2016-09-29,5.0,0.002277525804027862
2016-09-30,5.0,0.002156980219755697
2016-10-03,5.0,0.0020981228438331045
2016-10-04,5.0,0.0021001931634779206
2016-10-05,5.0,0.002163255446629861
2016-10-06,5.0,0.0024230714875964625
2016-10-07,5.0,0.00247611745424837
2016-10-10,6.0,0.0026003652868722684
2016-10-11,6.0,0.0031903523863220573
2016-10-12,6.0,0.004010827359566366
2016-10-13,6.0,0.004922382661709907
2016-10-14,7.0,0.007179420309549239
2016-10-17,7.0,0.007274678842528378
2016-10-18,7.0,0.007447808652201389
2016-10-19,7.0,0.007472508606027037
2016-10-20,7.0,0.007646163900614762
2016-10-21,7.0,0.008045336260093159
2016-10-24,7.0,0.008580241474867651
2016-10-25,7.0,0.008631831732872552
2016-10-26,7.0,0.008728233052100048
2016-10-27,7.0,0.008708381454333955
2016-10-28,7.0,0.008754180462136576
2016-10-31,7.0,0.008851771649442536
2016-11-01,7.0,0.008996492106166562
2016-11-02,8.0,0.009161820449622774
2016-11-03,8.0,0.009406522473545235
2016-11-04,8.0,0.009774285457571367
2016-11-07,8.0,0.009939245244272003
2016-11-08,8.0,0.00972817943614797
2016-11-09,8.0,0.009859524451267039
2016-11-10,8.0,0.009928715310062905
2016-11-11,8.0,0.009791446241485546
2016-11-14,8.0,0.010126780815527826
2016-11-15,8.0,0.00994366692560556
2016-11-16,8.0,0.00982910149057205
2016-11-17,8.0,0.009790073263786251
2016-11-18,7.0,0.009806916682061323
2016-11-21,7.0,0.00986613946692294
2016-11-22,7.0,0.009527126936059262
2016-11-23,7.0,0.009440144228711665
2016-11-24,7.0,0.009533813461766644
2016-11-25,7.0,0.009693727646109993
2016-11-28,7.0,0.00976447379617658
2016-11-29,7.0,0.009773949075190563
2016-11-30,7.0,0.009666906412421928
2016-12-01,7.0,0.009760255839661962
2016-12-02,8.0,0.01092033130166975
2016-12-05,8.0,0.010390554913518583
2016-12-06,9.0,0.009888415744498754
2016-12-07,9.0,0.009500683744971625
2016-12-08,10.0,0.008969902261591502
2016-12-09,9.0,0.00846765618754494
2016-12-12,8.0,0.0080638589447348
2016-12-13,8.0,0.0077145629026876845
2016-12-14,7.0,0.007323823473900006
2016-12-15,7.0,0.007032423730360435
2016-12-16,7.0,0.006779810364329614
2016-12-19,6.0,0.006629856991542808
2016-12-20,6.0,0.006521401030018275
2016-12-21,6.0,0.00647489322972501
2016-12-22,7.0,0.00680049656314479
2016-12-23,7.0,0.006777796291315219
2016-12-26,7.0,0.006852951106892099
2016-12-27,6.0,0.007022291206678137
2016-12-28,6.0,0.007232875230237513
2016-12-29,6.0,0.0075368106232672465
2016-12-30,7.0,0.007874056545716724
2017-01-03,7.0,0.006688933910164074
2017-01-04,7.0,0.006007927296444086
2017-01-05,6.0,0.005825072308088517
2017-01-06,5.0,0.004255827690880769
2017-01-09,5.0,0.0035265707294785077
2017-01-10,5.0,0.003494914476187398
2017-01-11,5.0,0.0029113021491165973
2017-01-12,5.0,0.0032191376147324663
2017-01-13,5.0,0.003548160060597838
2017-01-16,6.0,0.004384373406275539
2017-01-17,6.0,0.004354578394509178
2017-01-18,6.0,0.0043876431478235695
2017-01-19,6.0,0.004502924457185046
2017-01-20,6.0,0.0042821583146952285
2017-01-23,7.0,0.0055856587001897945
2017-01-24,6.0,0.004783487517958349
2017-01-25,7.0,0.005041465071630449
2017-02-02,7.0,0.004468028764616653
2017-02-03,7.0,0.0040824350222010706
2017-02-06,6.0,0.003804236000632432
2017-02-07,6.0,0.003588595832389054
2017-02-08,6.0,0.003436016096190898
2017-02-09,5.0,0.00332308509842136
2017-02-10,5.0,0.0032526056847680973
2017-02-13,5.0,0.00357066273073043
2017-02-14,5.0,0.0034537913267957275
2017-02-15,5.0,0.0027295982525806037
2017-02-16,5.0,0.002584268507529569
2017-02-17,5.0,0.002512846797996755
2017-02-20,5.0,0.00251680340403843
2017-02-21,5.0,0.002239579448987108
2017-02-22,5.0,0.0022015392206844366
2017-02-23,5.0,0.00253369402096694
2017-02-24,6.0,0.0032389420555227685
2017-02-27,6.0,0.004260632611379128
2017-02-28,6.0,0.0048739862166020265
2017-03-01,6.0,0.005188314825751564
2017-03-02,6.0,0.0055849363993730455
2017-03-03,6.0,0.00645217637659406
2017-03-06,6.0,0.00737472527227818
2017-03-07,7.0,0.007787279377979882
2017-03-08,7.0,0.008175655277317832
2017-03-09,7.0,0.008617091902713396
2017-03-10,8.0,0.00910497337167738
2017-03-13,8.0,0.009651919414970301
2017-03-14,8.0,0.010198925701915237
2017-03-15,8.0,0.010846322824580914
2017-03-16,8.0,0.011457803474149148
2017-03-17,8.0,0.012103170614580609
2017-03-20,8.0,0.015318581185266238
2017-03-21,8.0,0.016087476183866252
2017-03-22,8.0,0.016396279131654666
2017-03-23,9.0,0.014984354876133798
2017-03-24,9.0,0.014356966900398734
2017-03-27,9.0,0.01408460955367763
2017-03-28,10.0,0.014437444378174246
2017-03-29,10.0,0.01436659361675145
2017-03-30,10.0,0.01400828929656478
2017-03-31,10.0,0.013678258443995926
2017-04-03,9.0,0.013465137390679153
2017-04-04,9.0,0.01329893840448356
2017-04-05,10.0,0.013139423611036176
2017-04-07,8.0,0.012137869913136663
2017-04-10,7.0,0.0115699660905201
2017-04-11,7.0,0.011110088892170513
2017-04-12,7.0,0.010713444173594723
2017-04-13,7.0,0.010295912782323741
2017-04-14,7.0,0.009855819217675608
2017-04-17,8.0,0.009436527534068486
2017-04-18,7.0,0.009053283157032762
2017-04-19,7.0,0.008647967555076129
2017-04-20,7.0,0.008242940813724429
2017-04-21,7.0,0.007853378242097742
2017-04-24,7.0,0.007490022562538331
2017-04-25,7.0,0.007188897309040082
2017-04-26,7.0,0.006825917133611314
2017-04-27,7.0,0.0064901873229261005
2017-04-28,7.0,0.0067182659579525135
2017-05-03,7.0,0.006353998536286915
2017-05-04,7.0,0.006028014162025157
2017-05-05,7.0,0.00569904442464395
2017-05-08,7.0,0.005449155726374679
2017-05-09,6.0,0.005206396625015862
2017-05-10,6.0,0.005014080745821656
2017-05-11,6.0,0.004878884856735096
2017-05-12,5.0,0.004843095304041039
2017-05-15,5.0,0.00494018900751497
2017-05-16,5.0,0.0050705655338830315
2017-05-17,5.0,0.004998560738694068
2017-05-18,5.0,0.005126488075711541
2017-05-19,5.0,0.005101036767698579
2017-05-22,5.0,0.003831040141997493
2017-05-23,5.0,0.0040883282775032595
2017-05-24,5.0,0.004070199156136328
2017-05-25,6.0,0.00544460655076945
2017-05-26,6.0,0.0054561383536002725
2017-05-29,6.0,0.005515482206773091
2017-05-30,6.0,0.005613021300468813
2017-05-31,6.0,0.0057656905843034845
2017-06-01,6.0,0.006005511271577993
2017-06-02,7.0,0.0062887952969757
2017-06-05,7.0,0.006910532279523867
2017-06-06,7.0,0.007331177531352499
2017-06-07,7.0,0.006936401178860564
2017-06-08,7.0,0.006624499761587138
2017-06-09,7.0,0.006479262404746264
2017-06-12,7.0,0.006169569867264679
2017-06-13,7.0,0.005889140599749063
2017-06-14,7.0,0.005322266219893595
2017-06-15,7.0,0.004951956350719469
2017-06-16,7.0,0.004666700500204085
2017-06-19,6.0,0.004187605934927444
2017-06-20,6.0,0.003975060535435682
2017-06-21,6.0,0.0037703324602489014
2017-06-22,6.0,0.0037697828158698935
2017-06-23,6.0,0.003560743688066454
2017-06-26,6.0,0.0032836009023465207
2017-06-27,6.0,0.0033872620565761316
2017-06-28,6.0,0.003197884813073324
2017-06-29,6.0,0.003065145469125871
2017-06-30,6.0,0.0027571803874610426
2017-07-03,5.0,0.0025826408630531305
2017-07-04,5.0,0.002470078652274345
2017-07-05,5.0,0.0024066647458660757
2017-07-06,5.0,0.0031586184259350374
2017-07-07,5.0,0.0038919843754230995
2017-07-10,5.0,0.005391855529029306
2017-07-11,6.0,0.007893898084405942
2017-07-12,5.0,0.007909085582338769
2017-07-13,5.0,0.007944898850560303
2017-07-14,5.0,0.008097259562625522
2017-07-17,5.0,0.008093627087180207
2017-07-18,5.0,0.008222953540314926
2017-07-19,5.0,0.008184010403151486
2017-07-20,6.0,0.008178472181817033
2017-07-21,7.0,0.008240074662398917
2017-07-24,7.0,0.008420432302114493
2017-07-25,6.0,0.008510772837610163
2017-07-26,6.0,0.008095632051132331
2017-07-27,6.0,0.008205328939538747
2017-07-28,6.0,0.007984204163345535
2017-07-31,6.0,0.007838113355982383
2017-08-01,6.0,0.007653807121582983
2017-08-02,6.0,0.007578314976634328
2017-08-03,6.0,0.007473740331987508
2017-08-04,6.0,0.007377078876266193
2017-08-07,6.0,0.007256633861563536
2017-08-08,6.0,0.007140965575639115
2017-08-09,6.0,0.007031176804949049
2017-08-10,6.0,0.006981717483384779
2017-08-11,6.0,0.006987955196729984
2017-08-14,7.0,0.00914265949044938
2017-08-15,8.0,0.009211661728003697
2017-08-16,8.0,0.009495148833411538
2017-08-17,8.0,0.009454180336065005
2017-08-18,8.0,0.009449168551097646
2017-08-21,9.0,0.010277777124616815
2017-08-22,9.0,0.010128905704490775
2017-08-23,8.0,0.010074451175397932
2017-08-24,8.0,0.010021136789520898
2017-08-25,8.0,0.010021063793433859
2017-08-28,7.0,0.008856810921963321
2017-08-29,7.0,0.008770079743961467
2017-08-30,8.0,0.008519620066627792
2017-08-31,8.0,0.008111045422709023
2017-09-01,8.0,0.0077794626943885675
2017-09-05,7.0,0.007575599195553608
2017-09-06,7.0,0.00746115767230711
2017-09-07,7.0,0.00730851811427113
2017-09-08,7.0,0.00712899389753569
2017-09-11,7.0,0.007059822066985672
2017-09-12,7.0,0.006983558819212716
2017-09-13,7.0,0.007470685171767105
2017-09-14,7.0,0.006113715556929843
2017-09-15,7.0,0.005744558464902153
2017-09-18,7.0,0.005215271860556789
2017-09-19,7.0,0.005015519722409893
2017-09-20,7.0,0.004741610891617913
2017-09-21,7.0,0.004543846669513834
2017-09-22,6.0,0.004453520007210639
2017-09-25,6.0,0.004425003257585927
2017-09-26,6.0,0.004444971321949518
2017-09-27,7.0,0.004507609817256932
2017-09-28,7.0,0.004635354655963987
2017-09-29,7.0,0.006614300933480019
2017-10-02,7.0,0.006968461263277779
2017-10-03,8.0,0.007158733323267125
2017-10-04,7.0,0.00685045514182544
2017-10-05,7.0,0.0070468772949962835
2017-10-06,7.0,0.007148957181029998
2017-10-09,7.0,0.008007920251564186
2017-10-10,7.0,0.007838335248955138
2017-10-11,7.0,0.007653659370239302
2017-10-12,6.0,0.007533250536887856
2017-10-13,7.0,0.005966682155243234
2017-10-16,7.0,0.005817443728251012
2017-10-17,6.0,0.004586568207871737
2017-10-18,6.0,0.0044332578258310384
2017-10-19,6.0,0.004392349355678545
2017-10-20,6.0,0.004333377465141658
2017-10-23,6.0,0.004394985053793091
2017-10-24,6.0,0.004543451042717725
2017-10-25,5.0,0.004638860413368068
2017-10-26,5.0,0.004875571624967289
2017-10-27,5.0,0.0037282041413727518
2017-10-30,5.0,0.00332908011045049
2017-10-31,5.0,0.004653156314376161
2017-11-01,7.0,0.009004066205595884
2017-11-02,7.0,0.008831672210455182
2017-11-03,7.0,0.008636844839780942
2017-11-06,7.0,0.008423928731530837
2017-11-07,7.0,0.008372926276252794
2017-11-08,7.0,0.005407594417528259
2017-11-09,7.0,0.00542764000310344
2017-11-10,7.0,0.004283516488062449
2017-11-13,6.0,0.004071468416858067
2017-11-14,8.0,0.004664849560780843
2017-11-15,7.0,0.004308960367538726
2017-11-16,6.0,0.0033468060774817367
2017-11-17,6.0,0.0029946422784772357
2017-11-20,6.0,0.0023459643930227284
2017-11-21,6.0,0.0019962054132088816
2017-11-22,6.0,0.0016397740912959971
2017-11-23,6.0,0.001503129024560466
2017-11-24,5.0,0.0014693468910872067
2017-11-27,4.0,0.0015029225764461804
2017-11-28,4.0,0.001572013987373544
2017-11-29,4.0,0.0012208979194236456
2017-11-30,4.0,0.0012149599487893063
2017-12-01,4.0,0.0012346742516669469
2017-12-04,4.0,0.001008922333355895
2017-12-05,4.0,0.0010044961447982419
2017-12-06,4.0,0.00106678870277329
2017-12-07,4.0,0.0011750727466937922
2017-12-08,4.0,0.001261802570698443
2017-12-11,5.0,0.0014335934904281965
2017-12-12,5.0,0.0016152808511093473
2017-12-13,5.0,0.001836007545956716
2017-12-14,5.0,0.002021443312967545
2017-12-15,5.0,0.0022806501678840105
2017-12-18,5.0,0.002559968607363962
2017-12-19,5.0,0.0028217845206090922
2017-12-20,5.0,0.0031197394529259423
2017-12-21,6.0,0.003501152646458558
2017-12-22,6.0,0.003870797719581353
2017-12-25,6.0,0.004052471928511166
2017-12-26,5.0,0.00424518909166402
2017-12-27,5.0,0.004566824524095307
2017-12-28,5.0,0.004790582040530952
2017-12-29,5.0,0.005061599031257993
2018-01-02,5.0,0.005240912838830357
2018-01-03,5.0,0.005392231869218133
2018-01-04,5.0,0.005530365367303203
2018-01-05,5.0,0.005601656124002681
2018-01-08,5.0,0.0057140913622844205
2018-01-09,5.0,0.005744992570200452
2018-01-10,5.0,0.006097586019531825
2018-01-11,5.0,0.006391911185832367
2018-01-12,5.0,0.007049002302536429
2018-01-15,5.0,0.009048795604712622
2018-01-16,5.0,0.008744863592869323
2018-01-17,6.0,0.008471837437972139
2018-01-18,6.0,0.008238278045182486
2018-01-19,6.0,0.008049864367820282
2018-01-22,5.0,0.007778204071284714
2018-01-23,5.0,0.007685531254463723
2018-01-24,6.0,0.007489008080816107
2018-01-25,5.0,0.007000917999385659
2018-01-26,5.0,0.00660791173218995
2018-01-29,5.0,0.006261085709871011
2018-01-30,5.0,0.005972134976279894
2018-01-31,5.0,0.00564260048271011
2018-02-01,6.0,0.0053966433639067845
2018-02-02,6.0,0.005126165984366925
2018-02-05,7.0,0.004933372720274407
2018-02-06,7.0,0.004841544065089793
2018-02-07,7.0,0.004843615314509475
2018-02-08,7.0,0.0049150960107479085
2018-02-09,7.0,0.005066015263687624
2018-02-12,7.0,0.005287857451134908
2018-02-13,6.0,0.005590134211908071
2018-02-21,6.0,0.00541794702599391
2018-02-22,6.0,0.005688607596857729
2018-02-23,6.0,0.004775046441948693
2018-02-26,6.0,0.0045198198330626
2018-02-27,6.0,0.004447141565842814
2018-02-28,6.0,0.004404187931283303
2018-03-01,6.0,0.004477500071099096
2018-03-02,6.0,0.004604944386585309
2018-03-05,6.0,0.004746782150301058
2018-03-06,6.0,0.005178578194855179
2018-03-07,6.0,0.005670579921342972
2018-03-08,6.0,0.006424323218520203
2018-03-09,6.0,0.007068716261846648
2018-03-12,6.0,0.00861582224980551
2018-03-13,6.0,0.007979215475599695
2018-03-14,6.0,0.007606998056392376
2018-03-15,6.0,0.007408884059379056
2018-03-16,6.0,0.007026341128890568
2018-03-19,6.0,0.006685047067782026
2018-03-20,6.0,0.008605882314293609
2018-03-21,6.0,0.008915858142251619
2018-03-22,6.0,0.008468916594307442
2018-03-23,6.0,0.007998368029880805
2018-03-26,6.0,0.007555710541970359
2018-03-27,6.0,0.007139487800707819
2018-03-28,6.0,0.006760863250320334
2018-03-29,6.0,0.006394903967835248
2018-03-30,6.0,0.006074014448580824
2018-04-02,6.0,0.005365506327919696
2018-04-03,6.0,0.0050505951749671985
2018-04-04,6.0,0.004801849360202072
2018-04-05,6.0,0.004660060149498757
2018-04-06,6.0,0.004459344471447402
2018-04-09,6.0,0.004331341636672087
2018-04-10,6.0,0.004239529941304665
2018-04-11,6.0,0.004217765923804889
2018-04-12,6.0,0.004294865452841695
2018-04-13,7.0,0.0044651993457552365
2018-04-16,7.0,0.004718166699848535
2018-04-17,7.0,0.0051044604448109415
2018-04-18,7.0,0.005408955351201482
2018-04-19,8.0,0.0058100212310748
2018-04-20,8.0,0.006335800933921568
2018-04-23,8.0,0.0069106114101185
2018-04-24,8.0,0.007587129065021448
2018-04-26,9.0,0.00833745502089408
2018-04-27,9.0,0.00915352828786947
2018-05-02,9.0,0.010160775591651468
2018-05-03,9.0,0.011069018257496597
2018-05-04,9.0,0.012161742390410997
2018-05-07,8.0,0.01251349805151264
2018-05-08,8.0,0.012486102761272896
2018-05-09,10.0,0.015685091374257307
2018-05-10,10.0,0.015960703689651575
2018-05-11,10.0,0.015792527922643955
2018-05-14,10.0,0.01550665671056949
2018-05-15,9.0,0.013241136188967734
2018-05-16,8.0,0.0131390000658165
2018-05-17,8.0,0.012998470064091296
2018-05-18,8.0,0.012920757215458472
2018-05-21,8.0,0.012837638716229805
2018-05-22,8.0,0.012790997244833529
2018-05-23,8.0,0.012781412521400476
2018-05-24,8.0,0.012754364746707055
2018-05-25,8.0,0.012698469498602021
2018-05-28,10.0,0.013825201415937882
2018-05-29,9.0,0.013759561362996322
2018-05-30,9.0,0.013765127585741648
2018-05-31,9.0,0.012963062736585478
2018-06-01,9.0,0.012612363674064079
2018-06-04,8.0,0.009878372761680243
2018-06-05,8.0,0.008889550965212512
2018-06-06,8.0,0.007757322634748683
2018-06-07,8.0,0.006928788428599608
2018-06-08,8.0,0.0061855945740334145
2018-06-11,8.0,0.005546592733883676
2018-06-12,7.0,0.005043005073037368
2018-06-13,6.0,0.0046174683032854
2018-06-14,6.0,0.004224064425126598
2018-06-15,6.0,0.0039422682201875805
2018-06-18,7.0,0.0036981626488995574
2018-06-19,7.0,0.003580187624517962
2018-06-20,6.0,0.0035693250652788686
2018-06-21,6.0,0.0036375931620872804
2018-06-22,6.0,0.0035621240825110725
2018-06-25,6.0,0.0036512784319012873
2018-06-26,6.0,0.0038455348038950177
2018-06-27,7.0,0.004125378653199165
2018-06-28,7.0,0.004499132980348651
2018-06-29,7.0,0.0048746376846849635
2018-07-02,7.0,0.0053635918161567
2018-07-03,8.0,0.005926440741704424
2018-07-04,8.0,0.006577462158686754
2018-07-05,8.0,0.007288132091003646
2018-07-06,8.0,0.008040274634876842
2018-07-09,8.0,0.008718194680398571
2018-07-10,8.0,0.00905523040240511
2018-07-11,8.0,0.009547157211490532
2018-07-12,8.0,0.0099750101300675
2018-07-13,8.0,0.01049021950678772
2018-07-16,8.0,0.011289560041710705
2018-07-17,7.0,0.010117822244834642
2018-07-18,6.0,0.009280088808123537
2018-07-19,6.0,0.00816154049548144
2018-07-20,7.0,0.008205226418037899
2018-07-23,6.0,0.007997613650908146
2018-07-24,6.0,0.007661950039011778
2018-07-25,6.0,0.0073836482463145335
2018-07-26,6.0,0.0070174945233254914
2018-07-27,6.0,0.006541492565808982
2018-07-30,6.0,0.006042784185733432
2018-07-31,6.0,0.0056542321621828595
2018-08-01,6.0,0.005472207449748276
2018-08-02,6.0,0.0052320173132207265
2018-08-03,6.0,0.004953714576799646
2018-08-06,6.0,0.0047212510941947354
2018-08-07,6.0,0.0048813668693654675
2018-08-08,6.0,0.005329489183376513
2018-08-09,6.0,0.004892172279033527
2018-08-10,7.0,0.005673902585484075
2018-08-13,7.0,0.006041616049672728
2018-08-14,7.0,0.005453410760749903
2018-08-15,7.0,0.0048981316436394395
2018-08-16,7.0,0.0044757989840701045
2018-08-17,8.0,0.004136914749918715
2018-08-20,8.0,0.0035793211431710595
2018-08-21,9.0,0.0029159200166891017
2018-08-22,8.0,0.002408580152205092
2018-08-23,7.0,0.001988446297443047
2018-08-24,6.0,0.0017175045875389035
2018-08-27,6.0,0.0014520809221420167
2018-08-28,5.0,0.0012790281426119936
2018-08-29,5.0,0.0011620882463442893
2018-08-30,4.0,0.0011066218494615756
2018-08-31,4.0,0.0011013356325468948
2018-09-04,5.0,0.001353895452586315
2018-09-05,5.0,0.0014141443124411623
2018-09-06,5.0,0.001991062660080037
2018-09-07,5.0,0.001897527202254398
2018-09-10,5.0,0.002456306927174319
2018-09-11,5.0,0.0024826708832009848
2018-09-12,5.0,0.0025214243714140484
2018-09-13,5.0,0.0026138881355861256
2018-09-14,5.0,0.0027309180597879542
2018-09-17,5.0,0.0028628859517250346
2018-09-18,5.0,0.0035354096341512517
2018-09-19,5.0,0.004062754092926657
2018-09-20,5.0,0.005186608202823527
2018-09-21,5.0,0.005269930296445643
2018-09-24,5.0,0.007649514427605057
2018-09-25,7.0,0.012148923746856628
2018-09-26,8.0,0.012244182039342142
2018-09-27,7.0,0.01241834492497601
2018-09-28,7.0,0.012518594938860492
2018-10-01,7.0,0.012538174171418722
2018-10-02,7.0,0.012568675269809
2018-10-03,7.0,0.012660630585444506
2018-10-04,7.0,0.012620733667565363
2018-10-05,7.0,0.012595094448419487
2018-10-08,7.0,0.012559680688739432
2018-10-09,7.0,0.012543794768707383
2018-10-10,7.0,0.012548296197156479
2018-10-11,8.0,0.012475552588259827
2018-10-12,8.0,0.012828441931458861
2018-10-15,9.0,0.012611571997691157
2018-10-16,9.0,0.01245567178523036
2018-10-17,9.0,0.012166910113411391
2018-10-18,9.0,0.011904955863395303
2018-10-19,9.0,0.011713758151283208
2018-10-22,8.0,0.011597704079109
2018-10-23,8.0,0.01146107861091638
2018-10-24,9.0,0.011376204724759836
2018-10-25,9.0,0.011323642037588452
2018-10-26,9.0,0.011300842602977007
2018-10-29,9.0,0.011313471054358832
2018-10-30,9.0,0.011353574796726438
2018-10-31,7.0,0.010303594578669273
2018-11-01,7.0,0.010219615400388193
2018-11-02,7.0,0.009480280204310286
2018-11-05,7.0,0.009100772281637396
2018-11-06,7.0,0.008869914086447127
2018-11-07,8.0,0.008896028490317771
2018-11-08,8.0,0.008342505819069727
2018-11-09,8.0,0.007873303261476155
2018-11-12,8.0,0.007495679786394685
2018-11-13,7.0,0.007196656099015934
2018-11-14,7.0,0.006983813246653892
2018-11-15,7.0,0.006880956469947416
2018-11-16,7.0,0.0068594917270024735
2018-11-19,6.0,0.006271849694786628
2018-11-20,6.0,0.005959410378723319
2018-11-21,6.0,0.0057007676487031925
2018-11-22,6.0,0.005478064342465882
2018-11-23,6.0,0.006117465027723122
2018-11-26,7.0,0.00723445778602364
2018-11-27,7.0,0.006998374828241648
2018-11-28,7.0,0.006473983385180187
2018-11-29,7.0,0.006032960714431271
2018-11-30,7.0,0.005664927609057027
2018-12-03,7.0,0.005131408679611201
2018-12-04,7.0,0.0046826643344351606
2018-12-05,7.0,0.004475081993623369
2018-12-06,7.0,0.003984437333987839
2018-12-07,7.0,0.003497587599776477
2018-12-10,6.0,0.0031217945416027143
2018-12-11,6.0,0.0028196048376469595
2018-12-12,6.0,0.0023863546658034794
2018-12-13,6.0,0.0022547345322386186
2018-12-14,6.0,0.0021366011044462426
2018-12-17,6.0,0.0022377148805291466
2018-12-18,6.0,0.0021655331444150215
2018-12-19,6.0,0.002216767715927209
2018-12-20,6.0,0.0023411391160220968
2018-12-21,6.0,0.0023471714214442128
2018-12-24,6.0,0.0023688473921139245
2018-12-25,6.0,0.002472558502557784
2018-12-26,6.0,0.0026212524932680793
2018-12-27,6.0,0.0038046052874802856
2018-12-28,6.0,0.004403620255627042
2019-01-02,6.0,0.004782905593394211
2019-01-03,6.0,0.005279958768959641
2019-01-04,6.0,0.006105182186574389
2019-01-07,6.0,0.0063361528659181465
2019-01-08,6.0,0.0066178520932265285
2019-01-09,6.0,0.006916754223149344
2019-01-10,6.0,0.007213837062495539
2019-01-11,6.0,0.007868735807808863
2019-01-14,6.0,0.00866123130508858
2019-01-15,6.0,0.009591185365166364
2019-01-16,6.0,0.011999658723738149
2019-01-17,7.0,0.012543759172720869
2019-01-18,7.0,0.012956633047188824
2019-01-21,7.0,0.012837312503475083
2019-01-22,7.0,0.012809355845068844
2019-01-23,7.0,0.012713094653786687
2019-01-24,6.0,0.012630861910341313
2019-01-25,6.0,0.012497421930568166
2019-01-28,6.0,0.01230876773766428
2019-01-29,6.0,0.012021698484677537
2019-01-30,6.0,0.011830400921404747
2019-01-31,6.0,0.011528133668939504
2019-02-01,6.0,0.011251926236117612
2019-02-11,6.0,0.00878971685878212
2019-02-12,6.0,0.007627742623284311
2019-02-13,6.0,0.00690766162886462
2019-02-14,6.0,0.006338341789023908
2019-02-15,6.0,0.005913194812241804
2019-02-18,6.0,0.0052926191883388525
2019-02-19,6.0,0.004786693422215703
2019-02-20,6.0,0.004276932138331001
2019-02-21,5.0,0.002554255128620303
2019-02-22,5.0,0.002167680329445273
2019-02-25,5.0,0.0016850733749820765
2019-02-26,5.0,0.0014944408676053724
2019-02-27,5.0,0.0013527728041192574
2019-02-28,5.0,0.0012534547322701176
2019-03-01,5.0,0.0012758496095445831
2019-03-04,5.0,0.0012124837256799138
2019-03-05,5.0,0.0013019658792430425
2019-03-06,5.0,0.0013853772230443507
2019-03-07,5.0,0.0016077586664227867
2019-03-08,6.0,0.0017256837426326535
2019-03-11,6.0,0.0019460067196883449
2019-03-12,5.0,0.0019773411279408477
2019-03-13,5.0,0.0014411028472561351
2019-03-14,5.0,0.001228024344044713
2019-03-15,5.0,0.0014333379355674538
2019-03-18,5.0,0.0019521213404036048
2019-03-19,6.0,0.0031756951062355777
2019-03-20,6.0,0.0036176411521305196
2019-03-21,7.0,0.004069108036586854
2019-03-22,7.0,0.0045983989878756616
2019-03-25,8.0,0.005187748391567068
2019-03-26,8.0,0.005956839962631663
2019-03-27,8.0,0.006832245037244705
2019-03-28,7.0,0.0073135922387100845
2019-03-29,7.0,0.0077453727182353995
2019-04-01,7.0,0.008654579472682975
2019-04-02,7.0,0.009951978102062869
2019-04-03,8.0,0.012869234648019586
2019-04-04,8.0,0.013084960119197336
2019-04-05,7.0,0.013318279386533512
2019-04-08,7.0,0.013510952794425445
2019-04-09,7.0,0.013692492218183729
2019-04-10,7.0,0.013865782548617188
2019-04-11,7.0,0.014025994320494055
2019-04-12,7.0,0.014152967371043455
2019-04-16,8.0,0.01433227808154878
2019-04-17,8.0,0.014505916199598373
2019-04-18,9.0,0.014702123663137744
2019-04-19,9.0,0.014819955994271466
2019-04-22,9.0,0.014751512731466064
2019-04-23,9.0,0.014707501526380532
2019-04-24,9.0,0.014623624813178608
2019-04-25,9.0,0.014545405829177576
2019-04-26,9.0,0.014425082942468982
2019-05-02,9.0,0.014272484536177467
2019-05-03,9.0,0.014063262627704817
2019-05-06,9.0,0.013915206353668027
2019-05-07,12.0,0.013797967760136254
2019-05-08,12.0,0.013423492576644528
2019-05-09,11.0,0.01320013116490135
2019-05-10,10.0,0.012840475111212453
2019-05-13,9.0,0.012596346406493254
2019-05-14,9.0,0.012387367792609247
2019-05-15,9.0,0.010099284977250624
2019-05-16,8.0,0.00925760954143305
2019-05-17,8.0,0.008517164440932553
2019-05-20,8.0,0.007566299487683862
2019-05-21,7.0,0.007204465126306855
2019-05-22,7.0,0.006846574344400837
2019-05-23,7.0,0.006574634484471024
2019-05-24,7.0,0.0063661004798703895
2019-05-27,7.0,0.006178976817606317
2019-05-28,7.0,0.006116032292705259
2019-05-29,7.0,0.00608124904392948
2019-05-30,7.0,0.0061523590785781046
2019-05-31,8.0,0.00624212865780189
2019-06-03,9.0,0.006399765435492074
2019-06-04,9.0,0.006663453144355047
2019-06-05,9.0,0.007056526428884453
2019-06-06,9.0,0.0074840790130894065
2019-06-07,8.0,0.0076866568877793405
2019-06-10,7.0,0.0070654431977664744
2019-06-11,7.0,0.007188106913113141
2019-06-12,7.0,0.00745236414880441
2019-06-13,7.0,0.007762840193730731
2019-06-14,7.0,0.008676838801504804
2019-06-17,7.0,0.009698576735118224
2019-06-18,7.0,0.010038777877020334
2019-06-19,7.0,0.010110085357165758
2019-06-20,8.0,0.009998169714004423
2019-06-21,8.0,0.009805184234895053
2019-06-24,8.0,0.009568096872757044
2019-06-25,7.0,0.00951307913898847
2019-06-26,7.0,0.009478612359245317
2019-06-27,7.0,0.009468031171339649
2019-06-28,7.0,0.009480522191454795
2019-07-01,7.0,0.007200151458871496
2019-07-02,7.0,0.007299202836601097
2019-07-03,7.0,0.007416755132123547
2019-07-04,6.0,0.00608143763328771
2019-07-05,6.0,0.005513327853392935
2019-07-08,6.0,0.005488634199480333
2019-07-09,6.0,0.005437410539205137
2019-07-10,6.0,0.005476907422434553
2019-07-11,6.0,0.005065131058584931
2019-07-12,6.0,0.0051453857333301255
2019-07-15,7.0,0.005010265956222214
2019-07-16,6.0,0.004377663082864349
2019-07-17,6.0,0.003949029624415063
2019-07-18,6.0,0.003629127526217835
2019-07-19,5.0,0.0034036720868335806
2019-07-22,5.0,0.0032103405235477745
2019-07-23,5.0,0.0028566842530442305
2019-07-24,5.0,0.0026956272145120244
2019-07-25,5.0,0.0023667504808054496
2019-07-26,5.0,0.0022302131732647675
2019-07-29,5.0,0.001993247796768139
2019-07-30,5.0,0.002025388482384731
2019-07-31,5.0,0.001781597978053376
2019-08-01,5.0,0.0016062725752371242
2019-08-02,5.0,0.0014924299771031679
2019-08-05,6.0,0.0014802669771745848
2019-08-06,6.0,0.0016167934902315056
2019-08-07,6.0,0.001846395629778736
2019-08-08,6.0,0.002005801205778787
2019-08-09,6.0,0.0023138133783320905
2019-08-12,6.0,0.002666160167230853
2019-08-13,6.0,0.0030592580055724206
2019-08-14,6.0,0.003489484066095401
2019-08-15,6.0,0.003927772649194119
2019-08-16,6.0,0.004314811809457656
2019-08-19,6.0,0.004796412217784977
2019-08-20,6.0,0.0052582716619327015
2019-08-21,6.0,0.005825823770242338
2019-08-22,6.0,0.005110637417293346
2019-08-23,6.0,0.005808421229990818
2019-08-26,6.0,0.0059416967846395085
2019-08-27,6.0,0.0061175089364740335
2019-08-28,6.0,0.006362683933627845
2019-08-29,6.0,0.006523460269460157
2019-08-30,6.0,0.00674188369010291
2019-09-03,6.0,0.007406497761027969
2019-09-04,6.0,0.00823310172736695
2019-09-05,6.0,0.009479827429819659
2019-09-06,7.0,0.009550046578611715
2019-09-09,6.0,0.009516748459315693
2019-09-10,6.0,0.00951186497811635
2019-09-11,6.0,0.009565886041412262
2019-09-12,6.0,0.009440045600490844
2019-09-13,6.0,0.009356399411419036
2019-09-16,6.0,0.009300149860982898
2019-09-17,7.0,0.008852527432186024
2019-09-18,7.0,0.008919274732077249
2019-09-19,7.0,0.008350630005995086
2019-09-20,7.0,0.007878088959064729
2019-09-23,6.0,0.007498892126119149
2019-09-24,6.0,0.007155926338713084
2019-09-25,6.0,0.006878799640606556
2019-09-26,6.0,0.006671728110674789
2019-09-27,6.0,0.0061655369994708855
2019-09-30,6.0,0.007210627174024914
2019-10-01,6.0,0.006485269471360066
2019-10-02,6.0,0.006013661549242817
2019-10-03,6.0,0.005614768537459727
2019-10-04,6.0,0.005286956805791756
2019-10-07,6.0,0.00498677763984555
2019-10-08,6.0,0.004713479904268189
2019-10-09,6.0,0.004503001957998299
2019-10-10,7.0,0.004405113670953227
2019-10-11,6.0,0.004251625739882242
2019-10-14,6.0,0.004172953737920068
2019-10-15,5.0,0.004212084527616665
2019-10-16,5.0,0.004284516782639689
2019-10-17,5.0,0.004413369400613416
2019-10-18,5.0,0.004598374276346818
2019-10-21,6.0,0.004835973385669889
2019-10-22,6.0,0.005379467362925326
2019-10-23,6.0,0.005537572151104097
2019-10-24,6.0,0.005474403908566336
2019-10-25,6.0,0.007016336492135651
2019-10-28,6.0,0.007113514990006065
2019-10-29,6.0,0.007217098612379297
2019-10-30,6.0,0.0070629592510927765
2019-10-31,6.0,0.0070381928684100595
2019-11-01,5.0,0.004792736863316693
2019-11-04,5.0,0.0037916935711774795
2019-11-05,6.0,0.003698890352107866
2019-11-06,6.0,0.0034499815368745222
2019-11-07,5.0,0.0032435561981873687
2019-11-08,6.0,0.003073465328334303
2019-11-11,7.0,0.002988117266169742
2019-11-12,7.0,0.0030341782622761524
2019-11-13,8.0,0.0031903958970254916
2019-11-14,8.0,0.0034438706655368118
2019-11-15,8.0,0.004870971142162948
2019-11-18,9.0,0.00671847672223061
2019-11-19,8.0,0.007129713111233115
2019-11-20,8.0,0.007613240356760726
2019-11-21,9.0,0.008163896308998587
2019-11-22,9.0,0.008840237398583809
2019-11-25,9.0,0.009564197263272397
2019-11-26,9.0,0.010201505065365872
2019-11-27,9.0,0.010919608621196663
2019-11-28,9.0,0.011678282107852512
2019-11-29,9.0,0.012431787335888832
2019-12-02,9.0,0.01325130122927454
2019-12-03,9.0,0.013995264524574736
2019-12-04,9.0,0.014702323778484013
2019-12-05,9.0,0.015493727275797562
2019-12-06,9.0,0.016208356822540206
2019-12-09,9.0,0.016908630926570467
2019-12-10,9.0,0.017553777276024262
2019-12-11,9.0,0.018070564863034773
2019-12-12,9.0,0.01886877608599857
2019-12-13,9.0,0.0191966785948124
2019-12-16,9.0,0.019427311763501327
2019-12-17,10.0,0.019597505089440168
2019-12-18,10.0,0.019790849369734364
2019-12-19,10.0,0.01994477801647557
2019-12-20,9.0,0.01999742750621671
2019-12-23,9.0,0.019823625352703787
2019-12-24,9.0,0.01840171110118877
2019-12-25,9.0,0.017228910390799306
2019-12-26,9.0,0.01727072839476444
2019-12-27,9.0,0.01679388514377811
2019-12-30,9.0,0.015911567397982364
2019-12-31,9.0,0.016574498037364174
2020-01-02,8.0,0.01363733967102569
2020-01-03,8.0,0.013084156484314
2020-01-06,8.0,0.012427469198202451
2020-01-07,8.0,0.011836829316229959
2020-01-08,9.0,0.011217204472315504
2020-01-09,8.0,0.00950912443450102
2020-01-10,8.0,0.00794868015902515
2020-01-13,8.0,0.00727016577801502
2020-01-14,8.0,0.0062752513678631045
2020-01-15,8.0,0.005416993541097346
2020-01-16,8.0,0.004450846975056468
2020-01-17,8.0,0.00358419814943848
2020-01-20,8.0,0.002969436768572314
2020-01-21,7.0,0.0023238987995538177
2020-01-22,7.0,0.001667126625574797
2020-01-30,7.0,0.0014538044817906598
2020-01-31,6.0,0.00136647434069639
2020-02-03,5.0,0.0013722934067046607
2020-02-04,4.0,0.0014448665085340195
2020-02-05,4.0,0.0015538262882651968
2020-02-06,4.0,0.001660621607394611
2020-02-07,4.0,0.001849457000000384
2020-02-10,5.0,0.002094712184048096
2020-02-11,5.0,0.0022895983261728196
2020-02-12,5.0,0.002626886059180139
2020-02-13,5.0,0.0026427663951454263
2020-02-14,5.0,0.002855390707400046
2020-02-17,5.0,0.0031176141446397285
2020-02-18,5.0,0.0033407557940844904
2020-02-19,5.0,0.0038048327031817487
2020-02-20,5.0,0.00411798795216896
2020-02-21,5.0,0.004527578872262489
2020-02-24,6.0,0.004685132373277451
2020-02-25,6.0,0.00494563347670771
2020-02-26,7.0,0.0052764549576883495
2020-02-27,7.0,0.005795456077989517
2020-02-28,7.0,0.0060937970209830545
2020-03-02,7.0,0.006759411681485696
2020-03-03,7.0,0.007093791238958616
2020-03-04,7.0,0.007478977937248483
2020-03-05,7.0,0.00745296613675939
2020-03-06,7.0,0.0074760836478741845
2020-03-09,7.0,0.0075751850977001855
2020-03-10,7.0,0.007725245690245808
2020-03-11,7.0,0.007970363611858603
2020-03-12,7.0,0.00823733415785242
2020-03-13,7.0,0.008571394820485308
2020-03-16,7.0,0.009004498217821611
2020-03-17,7.0,0.009656705324012357
2020-03-18,7.0,0.009705116302188505
2020-03-19,7.0,0.009824559051240862
2020-03-20,7.0,0.010006042317307095
2020-03-23,8.0,0.010186396722595494
2020-03-24,8.0,0.010421094329948083
2020-03-25,7.0,0.010389477661826236
2020-03-26,7.0,0.010462967828029053
2020-03-27,7.0,0.01045521163138497
2020-03-30,7.0,0.010406674461902786
2020-03-31,7.0,0.010460028096494042
2020-04-01,7.0,0.010405784984460788
2020-04-03,7.0,0.010372868400756826
2020-04-06,7.0,0.010453219955326921
2020-04-07,7.0,0.01022605996952134
2020-04-08,7.0,0.010025502497517609
2020-04-09,6.0,0.009826656034241233
2020-04-10,6.0,0.009649062658220171
2020-04-13,6.0,0.009439442409160234
2020-04-14,6.0,0.009217807566278559
2020-04-15,7.0,0.007382018924879833
2020-04-16,6.0,0.006549393173429773
2020-04-17,6.0,0.005762150315330064
2020-04-20,6.0,0.005235479082339202
2020-04-21,5.0,0.004924016571809887
2020-04-22,5.0,0.0046535699850468425
2020-04-23,5.0,0.004795311370732779
2020-04-24,6.0,0.005059418993778421
2020-04-27,6.0,0.004801864330745501
2020-04-28,6.0,0.004486939203989845
2020-04-29,6.0,0.004200699006283995
2020-05-04,5.0,0.004054981265511074
2020-05-05,5.0,0.0035157050212407657
2020-05-06,7.0,0.0031268974999611337
2020-05-07,6.0,0.0026826001254831406
2020-05-08,5.0,0.0021671531921640553
2020-05-11,5.0,0.0017895539359352034
2020-05-12,5.0,0.0015228839372629364
2020-05-13,5.0,0.0014651512170477836
2020-05-14,5.0,0.0014355301593320284
2020-05-15,5.0,0.0014040271193080012
2020-05-18,5.0,0.001340359130090216
2020-05-19,5.0,0.001305449775590579
2020-05-20,5.0,0.0013506274369111196
2020-05-21,5.0,0.0011631218087836685
2020-05-22,5.0,0.0012334475043464836
2020-05-25,5.0,0.0012160699736796993
2020-05-26,5.0,0.0014067422094687714
2020-05-27,5.0,0.0012882274655707361
2020-05-28,4.0,0.0012702791928338511
2020-05-29,4.0,0.0013121327872367098
2020-06-01,4.0,0.0011727761001683924
2020-06-02,4.0,0.0012749978922000822
2020-06-03,4.0,0.0016971864773013318
2020-06-04,4.0,0.0016236827253729065
2020-06-05,5.0,0.002180908454837336
2020-06-08,5.0,0.002001284043728084
2020-06-09,5.0,0.00268023009578691
2020-06-10,5.0,0.0038539074126846514
2020-06-11,5.0,0.004948811929300994
2020-06-12,5.0,0.005662617092926007
2020-06-15,8.0,0.010053996012095114
2020-06-16,8.0,0.011049634603591303
2020-06-17,9.0,0.013200806539669109
2020-06-18,9.0,0.013135681796399764
2020-06-19,9.0,0.013119045471009293
2020-06-22,9.0,0.013078559421919395
2020-06-23,9.0,0.013068563474134222
2020-06-24,9.0,0.013178123837958744
2020-06-25,9.0,0.01313710703576071
2020-06-26,9.0,0.013178728099904335
2020-06-29,10.0,0.013271082795557367
2020-06-30,9.0,0.013490578854071792
2020-07-01,9.0,0.01368968605535341
2020-07-02,9.0,0.01390376460282871
2020-07-03,9.0,0.013592532562960998
2020-07-06,9.0,0.01375224779133895
2020-07-07,9.0,0.013675153229757478
2020-07-08,9.0,0.013620793811822574
2020-07-09,8.0,0.01356744576391249
2020-07-10,8.0,0.013497929481552236
2020-07-13,8.0,0.013467473811810488
2020-07-14,8.0,0.01340641458034544
2020-07-15,8.0,0.014491402258815688
2020-07-16,8.0,0.014249815886100473
2020-07-17,8.0,0.014091077640829983
2020-07-20,8.0,0.013989641667418153
2020-07-21,9.0,0.014158378261895204
2020-07-22,10.0,0.013827347712606432
2020-07-23,9.0,0.013468360990832647
2020-07-24,9.0,0.013206749262105244
2020-07-27,11.0,0.012968406162538904
2020-07-28,10.0,0.01277763699539678
2020-07-29,10.0,0.012636114338923919
2020-07-30,9.0,0.012591108318839077
2020-07-31,8.0,0.012598703359526823
2020-08-03,8.0,0.01260811630013492
2020-08-04,8.0,0.011912829808969828
2020-08-05,8.0,0.011538198927154705
2020-08-06,9.0,0.011264161899350174
2020-08-07,8.0,0.011024867865304305
2020-08-10,7.0,0.010797993210890058
2020-08-11,7.0,0.010570061249349711
2020-08-12,7.0,0.010330662554678136
2020-08-13,7.0,0.010158246303627449
2020-08-14,7.0,0.009819756955810244
2020-08-17,7.0,0.009532578742833362
2020-08-18,7.0,0.009371471119860359
2020-08-19,7.0,0.009059039284501313
2020-08-20,7.0,0.008827235462713273
2020-08-21,7.0,0.006846366999961486
2020-08-24,7.0,0.00603591116742445
2020-08-25,6.0,0.005442397611287201
2020-08-26,6.0,0.005160550172592087
2020-08-27,6.0,0.0048452884340425125
2020-08-28,6.0,0.004507295811597155
2020-08-31,6.0,0.003924675631628045
2020-09-01,6.0,0.003096859561205002
2020-09-03,6.0,0.0028884090695353165
2020-09-04,6.0,0.0031301880622233717
2020-09-07,7.0,0.0032494727534099705
2020-09-08,6.0,0.0032430386089552644
2020-09-09,6.0,0.0033124620624439263
2020-09-10,6.0,0.0034730712393073104
2020-09-11,6.0,0.0037264092798875567
2020-09-14,6.0,0.00367886597730156
2020-09-15,6.0,0.004030624995906757
2020-09-16,6.0,0.004502068826565981
2020-09-17,6.0,0.004504425425807897
2020-09-18,6.0,0.004490901154381175
2020-09-21,7.0,0.004597175192599991
2020-09-22,7.0,0.0044682049345376425
2020-09-23,6.0,0.004336838544530428
2020-09-24,6.0,0.0042928707223811174
2020-09-25,6.0,0.004326296444047392
2020-09-28,5.0,0.004438943519605057
2020-09-29,6.0,0.0045711664359857195
2020-09-30,6.0,0.004780077700741084
2020-10-01,6.0,0.004969723530443493
2020-10-02,6.0,0.005364793385905721
2020-10-05,6.0,0.005570637481257335
2020-10-06,6.0,0.005825305675386416
2020-10-07,6.0,0.005419314622280493
2020-10-08,6.0,0.005622374008182126
2020-10-09,6.0,0.005549971344395842
2020-10-12,6.0,0.005684975246775865
2020-10-13,6.0,0.005631625342355775
2020-10-14,6.0,0.005719983850729412
2020-10-15,6.0,0.0056097806973040955
2020-10-16,6.0,0.005980828357590107
2020-10-19,6.0,0.006613786330513016
2020-10-20,6.0,0.00639407802141408
2020-10-21,6.0,0.006296040358972515
2020-10-22,6.0,0.006032942051740849
2020-10-23,7.0,0.0056066372801677035
2020-10-26,6.0,0.005451204747930582
2020-10-27,6.0,0.005364091463591242
2020-10-28,6.0,0.00530061695904783
2020-10-29,6.0,0.005270701759856789
2020-10-30,6.0,0.005219636457032631
2020-11-02,6.0,0.005253946011383624
2020-11-03,6.0,0.005184092275991894
2020-11-04,6.0,0.005144995008890786
2020-11-05,6.0,0.005162336302380966
2020-11-06,6.0,0.005230242546398073
2020-11-09,6.0,0.00537167054481952
2020-11-10,6.0,0.005703041723315215
2020-11-11,6.0,0.005576862792453407
2020-11-12,6.0,0.005463311587878299
2020-11-13,6.0,0.005416811707295494
2020-11-16,5.0,0.005431014724168916
2020-11-17,5.0,0.005527211642227617
2020-11-18,5.0,0.005595186402563618
2020-11-19,5.0,0.005636765305053064
2020-11-20,5.0,0.005689051719234977
2020-11-23,5.0,0.005780949693453051
2020-11-24,5.0,0.006004130797409865
2020-11-25,5.0,0.00580978576937914
2020-11-26,5.0,0.006165961453797654
2020-11-27,5.0,0.007536710812219738
2020-11-30,5.0,0.007669784727240677
2020-12-01,6.0,0.008892372460593033
2020-12-02,6.0,0.008685044591259893
2020-12-03,6.0,0.008526714351041425
2020-12-04,5.0,0.008432742389859686
2020-12-07,5.0,0.0072499479015880304
2020-12-08,5.0,0.006943441135428772
2020-12-09,5.0,0.005907370006252954
2020-12-10,5.0,0.005900549012468547
2020-12-11,4.0,0.005821479754411375
2020-12-14,4.0,0.0045973278288666064
2020-12-15,4.0,0.004528538380555212
2020-12-16,4.0,0.0054044579825255155
2020-12-17,5.0,0.005527165921510399
2020-12-18,5.0,0.005490999647915674
2020-12-21,5.0,0.0067001126970336385
2020-12-22,5.0,0.006470718831935613
2020-12-23,5.0,0.006274202675906652
2020-12-24,7.0,0.0066505919002269225
2020-12-25,6.0,0.0064957071697160475
2020-12-28,6.0,0.006392776109737117
2020-12-29,5.0,0.006427027760563088
2020-12-30,5.0,0.006377479614989347
2020-12-31,5.0,0.006358081508135107
2021-01-04,5.0,0.004503204835083521
2021-01-05,5.0,0.003495019280678859
2021-01-06,5.0,0.00283597513925258
2021-01-07,5.0,0.0022828349637203714
2021-01-08,5.0,0.002070887888030687
2021-01-11,5.0,0.0017909572329129
2021-01-12,5.0,0.0014836501839552332
2021-01-13,5.0,0.0013248619526920315
2021-01-14,5.0,0.0012220581167943917
2021-01-15,5.0,0.001175040345701025
2021-01-18,5.0,0.0013660186253546837
2021-01-19,6.0,0.0017874831862546004
2021-01-20,6.0,0.002242934471803132
2021-01-21,6.0,0.0025912049415440564
2021-01-22,6.0,0.00294644204180064
2021-01-25,6.0,0.0033987102542525276
2021-01-26,7.0,0.003919335897780623
2021-01-27,8.0,0.004446630576809899
2021-01-28,9.0,0.005163815536797306
2021-01-29,8.0,0.005749726904331808
2021-02-01,8.0,0.006417089625180796
2021-02-02,8.0,0.007268116927688783
2021-02-03,8.0,0.008130566511365516
2021-02-04,8.0,0.00878460682022255
2021-02-05,8.0,0.008850716012312769
2021-02-08,9.0,0.0095067154233601
2021-02-09,8.0,0.010064389873230306
2021-02-17,7.0,0.008520414844843529
2021-02-18,7.0,0.008248553698441822
2021-02-19,7.0,0.008537757373349306
2021-02-22,7.0,0.008796608444500958
2021-02-23,7.0,0.008949462834138064
2021-02-24,7.0,0.009128031145870226
2021-02-25,7.0,0.009335964021487961
2021-02-26,7.0,0.009569664145074135
2021-03-01,7.0,0.009780790516586538
2021-03-02,7.0,0.009844456326802028
2021-03-03,7.0,0.009916296453352784
2021-03-04,7.0,0.009927792292567463
2021-03-05,7.0,0.010202385808775145
2021-03-08,7.0,0.010106452735555644
2021-03-09,7.0,0.009997004181886482
2021-03-10,7.0,0.009943978680850432
2021-03-11,7.0,0.009884980296364396
2021-03-12,7.0,0.009851356369745493
2021-03-15,7.0,0.009838796845565326
2021-03-16,7.0,0.010244486007690274
2021-03-17,7.0,0.009697968122727796
2021-03-18,8.0,0.009672166828285287
2021-03-19,7.0,0.009286978888525954
2021-03-22,7.0,0.008915934998197126
2021-03-23,7.0,0.008502518181816694
2021-03-24,8.0,0.00811205650170193
2021-03-25,8.0,0.007795563054353371
2021-03-26,8.0,0.007543916743685071
2021-03-29,8.0,0.0073107878315112375
2021-03-30,7.0,0.006830951479721177
2021-03-31,7.0,0.0065395433888996175
2021-04-01,7.0,0.0048298879451880656
2021-04-02,6.0,0.004169948637282644
2021-04-05,6.0,0.0029784096094396606
2021-04-06,6.0,0.002547926200025987
2021-04-07,6.0,0.0023126627671184573
2021-04-08,6.0,0.002222190828930943
2021-04-09,5.0,0.002231647397536942
2021-04-12,5.0,0.0021493947451174116
2021-04-13,5.0,0.0022277550401337545
2021-04-14,5.0,0.002208914105117568
2021-04-15,5.0,0.002222282452572368
2021-04-16,5.0,0.0026245714978011853
2021-04-19,5.0,0.0031878659341605772
2021-04-20,5.0,0.0027341145848790637
2021-04-22,5.0,0.0027675871139272363
2021-04-23,5.0,0.0028545066592326486
2021-04-26,5.0,0.0032231047939465154
2021-04-27,6.0,0.004335706444544908
2021-04-28,7.0,0.004306419734646183
2021-04-29,7.0,0.0044687558425406965
2021-05-04,7.0,0.004397264307791923
2021-05-05,7.0,0.004376168937711766
2021-05-06,6.0,0.004408846397270613
2021-05-07,6.0,0.0044974801109510885
2021-05-10,6.0,0.004640315392874387
2021-05-11,6.0,0.004800947630244897
2021-05-12,6.0,0.004926446049805328
2021-05-13,6.0,0.005093180005301768
2021-05-14,5.0,0.0053565732135079
2021-05-17,6.0,0.005645319193713271
2021-05-18,6.0,0.006138751987299036
2021-05-19,6.0,0.006414163154566996
2021-05-20,5.0,0.0064558731977582455
2021-05-21,5.0,0.006685709373468606
2021-05-24,5.0,0.00666626076071916
2021-05-25,5.0,0.006729408628582946
2021-05-26,5.0,0.006810729704722265
2021-05-27,5.0,0.007406476848144804
2021-05-28,5.0,0.008749945407612812
2021-05-31,6.0,0.013384566117612375
2021-06-01,6.0,0.013077910319955225
2021-06-02,6.0,0.01295141039230887
2021-06-03,5.0,0.006940047628678994
2021-06-04,5.0,0.0050977836627475
2021-06-07,5.0,0.004916673878124103
2021-06-08,5.0,0.004723358061297633
2021-06-09,5.0,0.004554853975002425
2021-06-10,5.0,0.0044198218553522526
2021-06-11,5.0,0.004302906449669055
2021-06-14,5.0,0.004205960081719747
2021-06-15,6.0,0.005230171260949967
2021-06-16,6.0,0.005786292646220461
2021-06-17,6.0,0.005623583904782607
2021-06-18,6.0,0.0054855200096767245
2021-06-21,6.0,0.005499925560861031
2021-06-22,6.0,0.005248576499265547
2021-06-23,6.0,0.00506785565367862
2021-06-24,6.0,0.004988243737518403
2021-06-25,6.0,0.0048091452696311775
2021-06-28,5.0,0.004767839408668724
2021-06-29,5.0,0.004820023859525566
2021-06-30,4.0,0.004916372775958433
2021-07-01,4.0,0.0050601012735748355
2021-07-02,4.0,0.005269211300795805
2021-07-05,4.0,0.005300151459037061
2021-07-06,5.0,0.005498821933619116
2021-07-07,5.0,0.005790378223140258
2021-07-08,6.0,0.006150758996218049
2021-07-09,7.0,0.00650804365477564
2021-07-12,9.0,0.0071005627838153194
2021-07-13,9.0,0.007604182568220528
2021-07-14,8.0,0.008225714669636529
2021-07-15,8.0,0.00890977927847167
2021-07-16,8.0,0.00956706114493537
2021-07-19,8.0,0.010175542231307743
2021-07-20,9.0,0.011037472389780202
2021-07-21,9.0,0.011546663917263911
2021-07-22,7.0,0.010313918194488802
2021-07-23,6.0,0.010790322763525585
2021-07-26,6.0,0.011260579214551002
2021-07-27,6.0,0.010619731046844542
2021-07-28,6.0,0.010571198077074902
2021-07-29,6.0,0.010477754878075118
2021-07-30,6.0,0.01043703367300158
2021-08-02,6.0,0.010462555606114582
2021-08-03,6.0,0.010426225395349745
2021-08-04,6.0,0.010537935472871959
2021-08-05,6.0,0.010512026068046425
2021-08-06,7.0,0.01067244446047715
2021-08-09,7.0,0.01044847623773615
2021-08-10,7.0,0.01016151854795911
2021-08-11,7.0,0.009893709610835041
2021-08-12,7.0,0.009640615864987543
2021-08-13,6.0,0.009501101823502065
2021-08-16,6.0,0.00918961753724689
2021-08-17,6.0,0.008911801483027403
2021-08-18,7.0,0.008841609629531197
2021-08-19,6.0,0.008338904464982904
2021-08-20,6.0,0.007913892371070154
2021-08-23,6.0,0.0075327937894666035
2021-08-24,6.0,0.007198186753639106
2021-08-25,6.0,0.0069131666099771045
2021-08-26,6.0,0.0066264522127631315
2021-08-27,7.0,0.00909894351798431
2021-08-30,10.0,0.01135206052435274
2021-08-31,10.0,0.010615780626409076
2021-09-01,10.0,0.009926128418705635
2021-09-06,9.0,0.009306714738409463
2021-09-07,8.0,0.008699596795676362
2021-09-08,9.0,0.008121006999996865
2021-09-09,8.0,0.007701482981176914
2021-09-10,8.0,0.007211823674378146
2021-09-13,8.0,0.006785803731649065
2021-09-14,8.0,0.006447208683020735
2021-09-15,7.0,0.006109945440223866
2021-09-16,7.0,0.0058659472903221975
2021-09-17,7.0,0.00482719792273434
2021-09-20,7.0,0.0046065781953504616
2021-09-21,6.0,0.004491327130624365
2021-09-22,5.0,0.004176934740909896
2021-09-23,5.0,0.0040520361119690575
2021-09-24,5.0,0.004006781849858518
2021-09-27,6.0,0.0039971809321996425
2021-09-28,6.0,0.005097221310769932
2021-09-29,6.0,0.007509617990878807
2021-09-30,6.0,0.007812574725268055
2021-10-01,7.0,0.008861127151255697
2021-10-04,7.0,0.011274121632360396
2021-10-05,8.0,0.01686647869887804
2021-10-06,8.0,0.016110157040029865
2021-10-07,9.0,0.015815594796407244
2021-10-08,8.0,0.015212996998088875
2021-10-11,8.0,0.014247316264033132
2021-10-12,9.0,0.014168162185344328
2021-10-13,8.0,0.013517237796426329
2021-10-14,8.0,0.01285908382733455
2021-10-15,8.0,0.012230670503427271
2021-10-18,9.0,0.012079953114698502
2021-10-19,9.0,0.01139765449709285
2021-10-20,10.0,0.010759996028761038
2021-10-21,12.0,0.010191995020835492
2021-10-22,11.0,0.00980089307364531
2021-10-25,11.0,0.0095337992423085
2021-10-26,10.0,0.009290710448756252
2021-10-27,8.0,0.006859867701582771
2021-10-28,8.0,0.004414615937658614
2021-10-29,7.0,0.0034343716136666772
2021-11-01,7.0,0.003150530126584727
2021-11-02,6.0,0.002701188701879083
2021-11-03,5.0,0.002522033290017257
2021-11-04,5.0,0.0023922055261977513
2021-11-05,5.0,0.0023198269566691567
2021-11-08,5.0,0.0020569262643589693
2021-11-09,4.0,0.0020318796503361663
2021-11-10,4.0,0.0021311754671558708
2021-11-11,5.0,0.002033378303966571
2021-11-12,5.0,0.001979600283837279
2021-11-15,5.0,0.002354956752385355
2021-11-16,5.0,0.003056474541906487
2021-11-17,6.0,0.0031899165231706896
2021-11-18,6.0,0.0031888974623621477
2021-11-19,7.0,0.0032782826496340323
2021-11-22,7.0,0.003519939791027739
2021-11-23,7.0,0.0038187114356534406
2021-11-24,6.0,0.004029269413663758
2021-11-25,6.0,0.0037822652374219193
2021-11-26,6.0,0.004090670337688877
2021-11-29,6.0,0.004579440892201069
2021-11-30,6.0,0.005013440025134781
2021-12-01,6.0,0.005381353381682919
2021-12-02,6.0,0.005881218744949315
2021-12-03,6.0,0.0064811992690141
2021-12-06,6.0,0.007077964153185403
2021-12-07,6.0,0.00749983085019063
2021-12-08,6.0,0.007948338301941684
2021-12-09,6.0,0.008209458345853415
2021-12-10,6.0,0.008961148233979449
2021-12-13,6.0,0.009730665360922819
2021-12-14,6.0,0.010072378702465483
2021-12-15,6.0,0.01092679453074463
2021-12-16,6.0,0.012551285014156381
2021-12-17,6.0,0.012581538161529042
2021-12-20,6.0,0.01254306287668392
2021-12-21,6.0,0.012514056434853921
2021-12-22,6.0,0.012537632463214328
2021-12-23,6.0,0.01252941148851997
2021-12-24,6.0,0.012374603461297833
2021-12-27,6.0,0.012054787046688374
2021-12-28,6.0,0.011763408805653342
2021-12-29,6.0,0.011481784291714496
2021-12-30,6.0,0.011209440444094814
2021-12-31,6.0,0.01086719666708714
2022-01-04,7.0,0.011988518320600548
2022-01-05,8.0,0.012527528923858744
2022-01-06,8.0,0.012031549129760582
2022-01-07,8.0,0.011515635705285908
2022-01-10,9.0,0.010997592013902149
2022-01-11,9.0,0.010558296417148588
2022-01-12,9.0,0.010391761202655718
2022-01-13,10.0,0.009880951798624837
2022-01-14,10.0,0.009480675677291323
2022-01-17,11.0,0.009208312383150818
2022-01-18,11.0,0.009052737600898107
2022-01-19,10.0,0.009095012709388844
2022-01-20,9.0,0.00927047093652018
2022-01-21,8.0,0.00888391263246069
2022-01-24,8.0,0.009033407821492229
2022-01-25,8.0,0.009004757919948989
2022-01-26,8.0,0.009046664683039937
2022-01-27,8.0,0.009123266875775304
2022-01-28,8.0,0.009191919208405664
2022-02-07,8.0,0.009271045382450365
2022-02-08,8.0,0.009591459597394674
2022-02-09,8.0,0.009627716880589072
2022-02-10,8.0,0.009711781439132925
2022-02-11,7.0,0.009833760599876075
2022-02-14,7.0,0.009949601354478053
2022-02-15,7.0,0.010093734446762466
2022-02-16,7.0,0.01025221830826414
2022-02-17,7.0,0.010187594158886032
2022-02-18,7.0,0.010329358764205872
2022-02-21,7.0,0.010259573113629013
2022-02-22,7.0,0.010227982171248491
2022-02-23,7.0,0.010210024145615913
2022-02-24,7.0,0.010156823774598167
2022-02-25,7.0,0.011143890034717918
2022-02-28,7.0,0.013256192207506994
2022-03-01,7.0,0.013194659865022745
2022-03-02,7.0,0.013133879322831443
2022-03-03,7.0,0.013066343372173217
2022-03-04,9.0,0.013257848117028235
2022-03-07,9.0,0.012886083306362216
2022-03-08,9.0,0.012567228283857305
2022-03-09,9.0,0.012317518344381285
2022-03-10,8.0,0.012171395218288587
2022-03-11,9.0,0.01202159636729738
2022-03-14,10.0,0.011935669271568073
2022-03-15,10.0,0.011895367956977447
2022-03-16,8.0,0.011470786433291134
2022-03-17,8.0,0.011181272271072495
2022-03-18,8.0,0.010937748922975507
2022-03-21,8.0,0.01014557751243401
2022-03-22,7.0,0.008321587158416055
2022-03-23,7.0,0.007989029567571368
2022-03-24,8.0,0.007646998062887432
2022-03-25,7.0,0.007389965068395546
2022-03-28,7.0,0.007183537436653153
2022-03-29,6.0,0.006915050354721731
2022-03-30,6.0,0.006775220171479264
2022-03-31,6.0,0.006717395548641488
2022-04-01,6.0,0.0046027074856657985
2022-04-04,6.0,0.0035143687370287817
2022-04-05,6.0,0.003520821206685033
2022-04-06,6.0,0.0035798180928832152
2022-04-07,6.0,0.0036176894108989085
2022-04-08,6.0,0.005749565458284223
2022-04-12,7.0,0.00565455481423247
2022-04-13,7.0,0.005613122992061594
2022-04-14,8.0,0.011005957635050169
2022-04-15,8.0,0.011120112063666825
2022-04-18,11.0,0.012393832516241708
2022-04-19,12.0,0.01195444127989495
2022-04-20,12.0,0.011624702868197723
2022-04-21,11.0,0.011448641459404997
2022-04-22,11.0,0.011344608919486625
2022-04-25,11.0,0.01127067438651676
2022-04-26,10.0,0.011341735269162862
2022-04-27,10.0,0.010928923555147902
2022-04-28,10.0,0.010825232177949864
2022-04-29,9.0,0.010278749295900455
2022-05-04,8.0,0.01041269143096256
2022-05-05,8.0,0.010011871309221087
2022-05-06,8.0,0.010016794318540495
2022-05-09,8.0,0.009997378051563328
2022-05-10,9.0,0.010420564163951705
2022-05-11,9.0,0.01038153145744162
2022-05-12,8.0,0.010387016453397116
2022-05-13,8.0,0.0104563142162598
2022-05-16,7.0,0.010624192799392645
2022-05-17,7.0,0.010820791345440867
2022-05-18,7.0,0.010888121670973
2022-05-19,7.0,0.01100409584019372
2022-05-20,7.0,0.011131713284882968
2022-05-23,7.0,0.011544197194383866
2022-05-24,7.0,0.011570230079315921
2022-05-25,7.0,0.009923100626993779
2022-05-26,7.0,0.009425750620334135
2022-05-27,7.0,0.008906792740299629
2022-05-30,7.0,0.008497118248363297
2022-05-31,7.0,0.008167442305956243
2022-06-01,7.0,0.00805973373572343
2022-06-02,7.0,0.00835377267088544
2022-06-03,7.0,0.007991458232054984
2022-06-06,7.0,0.00741568751401781
2022-06-07,7.0,0.0068840086395344805
2022-06-08,7.0,0.00646989904939681
2022-06-09,7.0,0.005785496939532828
2022-06-10,7.0,0.0052175048510099105
2022-06-13,7.0,0.0047134198775763865
2022-06-14,7.0,0.004336724470733438
2022-06-15,6.0,0.004010147655751973
2022-06-16,6.0,0.0037512468885861293
2022-06-17,6.0,0.00351368474241684
2022-06-20,7.0,0.003332840871949713
2022-06-21,7.0,0.003256129858369117
2022-06-22,7.0,0.0032183477245486675
2022-06-23,6.0,0.0030151275837237857
2022-06-24,6.0,0.003000033798653065
2022-06-27,6.0,0.0029549465028084554
2022-06-28,5.0,0.003011789338839984
2022-06-29,5.0,0.0031515846795095574
2022-06-30,5.0,0.0032949142302197533
2022-07-01,5.0,0.003502189205370091
2022-07-04,5.0,0.003853862078379595
2022-07-05,6.0,0.004250848438801296
2022-07-06,7.0,0.0044910650892037276
2022-07-07,7.0,0.004817812884350837
2022-07-08,7.0,0.00502120504220226
2022-07-11,7.0,0.005494029168074699
2022-07-12,6.0,0.005452408419700165
2022-07-13,6.0,0.005767395337238743
2022-07-14,6.0,0.006226730684232582
2022-07-15,6.0,0.006362474583296101
2022-07-18,6.0,0.0063563723541877615
2022-07-19,7.0,0.006473839235288101
2022-07-20,6.0,0.006328991976454662
2022-07-21,6.0,0.006263157990037999
2022-07-22,6.0,0.006242927144226597
2022-07-25,6.0,0.006257089638994914
2022-07-26,6.0,0.006446841368997513
2022-07-27,6.0,0.006281348720072614
2022-07-28,6.0,0.007070452984224832
2022-07-29,7.0,0.01063174725607725
2022-08-01,7.0,0.00995516558910099
2022-08-02,7.0,0.009281919527772771
2022-08-03,9.0,0.010435456896053224
2022-08-04,9.0,0.009779835841291207
2022-08-05,9.0,0.00898507103674695
2022-08-08,9.0,0.008285532985129906
2022-08-09,9.0,0.007566704007355335
2022-08-10,9.0,0.006882523836763451
2022-08-11,9.0,0.0064664005452651045
2022-08-12,9.0,0.005731040115927851
2022-08-15,9.0,0.004889116006082899
2022-08-16,8.0,0.004333258149070474
2022-08-17,8.0,0.0038401201797785985
2022-08-18,7.0,0.0034303867503190683
2022-08-19,6.0,0.0031100694991667006
2022-08-22,7.0,0.002886708851628421
2022-08-23,6.0,0.002716507049233445
2022-08-24,6.0,0.0024401708478697577
2022-08-25,6.0,0.001889012468498494
2022-08-26,6.0,0.001754792560035576
2022-08-29,6.0,0.0016955319081450359
2022-08-30,6.0,0.0017187497708021577
2022-08-31,6.0,0.0017923890697046918
2022-09-05,6.0,0.002623080987118076
2022-09-06,6.0,0.0033418978743945506
2022-09-07,6.0,0.003494849569803277
2022-09-08,6.0,0.0036979738828695295
2022-09-09,6.0,0.003960158472288587
2022-09-12,6.0,0.004784647518585713
2022-09-13,6.0,0.005796560200198974
2022-09-14,7.0,0.006104758788993818
2022-09-15,7.0,0.006469821696513256
2022-09-16,7.0,0.006859097838485118
2022-09-19,8.0,0.0073019876722567045
2022-09-20,8.0,0.007828524273702599
2022-09-21,8.0,0.008400433779140003
2022-09-22,8.0,0.00968034551115149
2022-09-23,8.0,0.012318769038426828
2022-09-26,9.0,0.013089214723102937
2022-09-27,9.0,0.014911306297186563
2022-09-28,11.0,0.01684773557449861
2022-09-29,11.0,0.01783917303472249
2022-09-30,11.0,0.01817778220590713
2022-10-03,11.0,0.018500243834566447
2022-10-04,12.0,0.020386607320596214
2022-10-05,12.0,0.020590960019937536
2022-10-06,12.0,0.020811001064838512
2022-10-07,13.0,0.02096181646591652
2022-10-10,13.0,0.021154695718759244
2022-10-11,13.0,0.021315965836067576
2022-10-12,13.0,0.02144685539909528
2022-10-13,12.0,0.020155217480996787
2022-10-14,12.0,0.01951718274039139
2022-10-17,12.0,0.019434783616126636
2022-10-18,12.0,0.019065688765163766
2022-10-19,13.0,0.018587868484017625
2022-10-20,13.0,0.018034992268063512
2022-10-21,12.0,0.017608699444617935
2022-10-24,12.0,0.01721592571067132
2022-10-25,11.0,0.016919417366288193
2022-10-26,10.0,0.01664794337236108
2022-10-27,9.0,0.016084336387264923
2022-10-28,9.0,0.015614637967614151
2022-10-31,9.0,0.015107671421520455
2022-11-01,8.0,0.01458603102335119
2022-11-02,8.0,0.014019548054465985
2022-11-03,8.0,0.013472795037969755
2022-11-04,8.0,0.012912169737240548
2022-11-07,8.0,0.012415303200670504
2022-11-08,8.0,0.011984180847921296
2022-11-09,8.0,0.011547284023970854
2022-11-10,9.0,0.011105270802465806
2022-11-11,9.0,0.010737336727012017
2022-11-14,9.0,0.010430645835150448
2022-11-15,10.0,0.010158610452333263
2022-11-16,9.0,0.009819470182033092
2022-11-17,8.0,0.006544070145212409
2022-11-18,8.0,0.005318554798568403
2022-11-21,8.0,0.004978349837122729
2022-11-22,8.0,0.004565832235806186
2022-11-23,7.0,0.004243664704183799
2022-11-24,6.0,0.0037313913713947207
2022-11-25,6.0,0.0030833912476588695
2022-11-28,6.0,0.002498392745900907
2022-11-29,8.0,0.0021134241078324422
2022-11-30,8.0,0.0015682049703250565
2022-12-01,7.0,0.0014557194960018054
2022-12-02,6.0,0.0012219492207763269
2022-12-05,5.0,0.0009132214882924019
2022-12-06,5.0,0.0009432511553909827
2022-12-07,5.0,0.0010316733105453964
2022-12-08,5.0,0.0011983054397772775
2022-12-09,5.0,0.0013797732491690824
2022-12-12,5.0,0.001483067023514975
2022-12-13,5.0,0.0016324058447140166
2022-12-14,5.0,0.0018388637636266778
2022-12-15,5.0,0.0021156316675157343
2022-12-16,5.0,0.0024498403848356516
2022-12-19,5.0,0.002737979670621526
2022-12-20,6.0,0.0031340840151767367
2022-12-21,6.0,0.0035078396408714995
2022-12-22,6.0,0.0038013890695483697
2022-12-23,6.0,0.004384173077574401
2022-12-26,6.0,0.004646634140888362
2022-12-27,6.0,0.004986730417069445
2022-12-28,6.0,0.005744607152200086
2022-12-29,7.0,0.006516356255876258
2022-12-30,7.0,0.006101895579719382
2023-01-03,8.0,0.00577946794753518
2023-01-04,7.0,0.005702113628216138
2023-01-05,6.0,0.005671619127276944
2023-01-06,5.0,0.00580671766156726
2023-01-09,5.0,0.005954724987740024
2023-01-10,5.0,0.006238185873600524
2023-01-11,5.0,0.006394048608976165
2023-01-12,5.0,0.006498093952068767
2023-01-13,5.0,0.0068227774745094226
2023-01-16,5.0,0.006587108013316088
2023-01-17,5.0,0.005958050373611639
2023-01-18,5.0,0.005660260185501349
2023-01-19,5.0,0.005476533690762201
2023-01-27,5.0,0.005343995218539034
2023-01-30,5.0,0.0052609627308859794
2023-01-31,5.0,0.005227284186431277
2023-02-01,5.0,0.005207338812231521
2023-02-02,5.0,0.005226271371365049
2023-02-03,5.0,0.0053104178625158665
2023-02-06,5.0,0.0054336079475736316
2023-02-07,6.0,0.005531204023433234
2023-02-08,6.0,0.0056819942261136696
2023-02-09,6.0,0.0059456274149525855
2023-02-10,7.0,0.0061533095652873595
2023-02-13,8.0,0.006487235623789988
2023-02-14,9.0,0.0068759548201794635
2023-02-15,7.0,0.007132020130393897
2023-02-16,6.0,0.006971480335518888
2023-02-17,6.0,0.0071391326750832595
2023-02-20,6.0,0.006351246485127958
2023-02-21,8.0,0.0071740298490486215
2023-02-22,9.0,0.007086071680614296
2023-02-23,9.0,0.006985986165450045
2023-02-24,9.0,0.006952496859177934
2023-02-27,9.0,0.0070572538317719945
2023-02-28,8.0,0.007282226612343653
2023-03-01,7.0,0.007590490852822163
2023-03-02,7.0,0.00794462241430755
2023-03-03,7.0,0.008342283473566229
2023-03-06,7.0,0.008772841931536456
2023-03-07,7.0,0.008597278932002893
2023-03-08,7.0,0.00862329932125858
2023-03-09,7.0,0.008747282523768319
2023-03-10,7.0,0.008957796262590832
2023-03-13,7.0,0.009181754557715936
2023-03-14,7.0,0.009275943506444232
2023-03-15,7.0,0.007061146333300015
2023-03-16,7.0,0.007061702373511433
2023-03-17,7.0,0.007104805421069032
2023-03-20,7.0,0.007135155635774228
2023-03-21,7.0,0.0072146649419458884
2023-03-22,7.0,0.007301455213408523
2023-03-23,7.0,0.007325276453371891
2023-03-24,7.0,0.007500785894049065
2023-03-27,9.0,0.007260231279767467
2023-03-28,8.0,0.006534772887195427
2023-03-29,7.0,0.005954749936633172
2023-03-30,7.0,0.005441005427425749
2023-03-31,7.0,0.005004546315886423
2023-04-03,6.0,0.004236666984214007
2023-04-04,6.0,0.003983801572089734
2023-04-05,6.0,0.003663865013917514
2023-04-06,6.0,0.003502087014164823
2023-04-07,6.0,0.0033669836440933603
2023-04-10,6.0,0.0033260156794554813
2023-04-11,6.0,0.003380631768853303
2023-04-12,8.0,0.0036277935769722736
2023-04-13,8.0,0.0033682075516284038
2023-04-14,8.0,0.003254739287043813
2023-04-17,7.0,0.0033480730290119266
2023-04-18,6.0,0.0035043855236361545
2023-04-19,6.0,0.003807467407558843
2023-04-20,6.0,0.00410971093937105
2023-04-21,6.0,0.004588661544496244
2023-04-24,6.0,0.00495901735203371
2023-04-25,7.0,0.005938283319424659
2023-04-26,6.0,0.006139093761549072
2023-04-27,6.0,0.006458252245783853
2023-04-28,6.0,0.005847057986905505
2023-05-04,6.0,0.006666068916000244
2023-05-05,6.0,0.006893690725196394
2023-05-08,6.0,0.006515422073580493
2023-05-09,6.0,0.006463110717257452
2023-05-10,6.0,0.006388271062716142
2023-05-11,6.0,0.006443483338110428
2023-05-12,6.0,0.006335771896266296
2023-05-15,6.0,0.00642308310639671
2023-05-16,6.0,0.0065020845266634065
2023-05-17,6.0,0.006618167720800531
2023-05-18,6.0,0.007461524586256763
2023-05-19,7.0,0.010014539194245
2023-05-22,7.0,0.010085917431424892
2023-05-23,8.0,0.01140925344756189
2023-05-24,8.0,0.011030165637711526
2023-05-25,8.0,0.010596118494021757
2023-05-26,8.0,0.0102119858352706
2023-05-29,8.0,0.009527836968384069
2023-05-30,8.0,0.008995014307361595
2023-05-31,8.0,0.008441647505243495
2023-06-01,8.0,0.008074146866260032
2023-06-02,7.0,0.007459523236646501
2023-06-05,6.0,0.006924657804768282
2023-06-06,6.0,0.006396813076273858
2023-06-07,6.0,0.005992513245362973
2023-06-08,6.0,0.005591181300519663
2023-06-09,6.0,0.005249970834604015
2023-06-12,6.0,0.004778513281126919
2023-06-13,5.0,0.003117642753609546
2023-06-14,6.0,0.0029829490993894
2023-06-15,5.0,0.0027663140948377338
2023-06-16,5.0,0.002605193800241511
2023-06-19,5.0,0.0024565516974281005
2023-06-20,5.0,0.0023581039134484357
2023-06-21,5.0,0.0022856368150401237
2023-06-22,5.0,0.0022393683482682
2023-06-23,5.0,0.0022272567628033434
2023-06-26,5.0,0.0020594071540410526
2023-06-27,5.0,0.0019332727689101508
2023-06-28,5.0,0.0016739018890315966
2023-06-29,5.0,0.0016260199714081477
2023-06-30,5.0,0.0016011265174194803
2023-07-03,5.0,0.0019300112580169283
2023-07-04,5.0,0.0022517806167807733
2023-07-05,5.0,0.002543047954117114
2023-07-06,5.0,0.0026859745336040098
2023-07-07,5.0,0.003136224342757525
2023-07-10,6.0,0.0049208991485469545
2023-07-11,6.0,0.005219069696587795
2023-07-12,6.0,0.005437022625833261
2023-07-13,6.0,0.004033688784536063
2023-07-14,6.0,0.005574946766751378
2023-07-17,6.0,0.005376484310902689
2023-07-18,6.0,0.0062776541587967
2023-07-19,6.0,0.006691423178392401
2023-07-20,7.0,0.007569017318873066
2023-07-21,6.0,0.0073659007762893434
2023-07-24,6.0,0.007126175464669976
2023-07-25,6.0,0.006918927290143137
2023-07-26,6.0,0.005599373219209067
2023-07-27,6.0,0.005357291588383124
2023-07-28,6.0,0.004902198752366651
2023-07-31,6.0,0.003283402035398688
2023-08-01,6.0,0.003295560251573411
2023-08-02,6.0,0.0033415401091764336
2023-08-03,6.0,0.0034223821231779733
2023-08-04,6.0,0.004183326712897878
2023-08-07,6.0,0.0038193933800032675
2023-08-08,6.0,0.004741077557161114
2023-08-09,6.0,0.004552110632762304
2023-08-10,6.0,0.00443142400064138
2023-08-11,6.0,0.0043608832631950485
2023-08-14,6.0,0.004357119764869206
2023-08-15,6.0,0.004384001919786231
2023-08-16,6.0,0.004448281710119791
2023-08-17,6.0,0.004569554685450918
2023-08-18,7.0,0.004766647737520872
2023-08-21,7.0,0.0050486093114911115
2023-08-22,7.0,0.005426648563395881
2023-08-23,7.0,0.005895977963021705
2023-08-24,7.0,0.006206123441954352
2023-08-25,7.0,0.00668497820157623
2023-08-28,7.0,0.0071652669314362875
2023-08-29,7.0,0.007869139003613605
2023-08-30,7.0,0.008340613263737804
2023-08-31,7.0,0.008782177503187905
2023-09-05,7.0,0.009276050603168428
2023-09-06,7.0,0.008678154445315183
2023-09-07,7.0,0.009432104983403583
2023-09-08,7.0,0.010107625574768932
2023-09-11,7.0,0.010981770490194932
2023-09-12,7.0,0.011598310373068547
2023-09-13,7.0,0.011873159281598739
2023-09-14,8.0,0.012194009015795756
2023-09-15,8.0,0.012609636054689703
2023-09-18,8.0,0.013027625746657789
2023-09-19,8.0,0.013622287165479927
2023-09-20,8.0,0.014059708008863275
2023-09-21,8.0,0.0141742453374628
2023-09-22,10.0,0.016322956990644146
2023-09-25,11.0,0.01654152673946616
2023-09-26,11.0,0.016639228742818635
2023-09-27,11.0,0.016749166154526162
2023-09-28,11.0,0.01688672065898372
2023-09-29,12.0,0.01681229690705467
2023-10-02,11.0,0.01686983464509231
2023-10-03,10.0,0.016903690621045207
2023-10-04,10.0,0.016920115467453548
2023-10-05,10.0,0.01691757498904123
2023-10-06,10.0,0.01675909990808629
2023-10-09,10.0,0.016603228094470325
2023-10-10,10.0,0.0164145807484075
2023-10-11,10.0,0.01621701098361859
2023-10-12,10.0,0.016044269663960282
2023-10-13,10.0,0.015790381839927266
2023-10-16,9.0,0.015518175679807924
2023-10-17,9.0,0.01518927659104143
2023-10-18,9.0,0.014919917483900428
2023-10-19,9.0,0.014711747879579313
2023-10-20,9.0,0.014416362108473746
2023-10-23,9.0,0.014249284995984128
2023-10-24,8.0,0.014054957841614747
2023-10-25,8.0,0.013875541805191972
2023-10-26,8.0,0.013668330605136529
2023-10-27,8.0,0.013511652720457037
2023-10-30,8.0,0.013406539212034335
2023-10-31,8.0,0.013356051299826983
2023-11-01,8.0,0.013289466977492354
2023-11-02,8.0,0.013115270436508958
2023-11-03,9.0,0.012848820474207219
2023-11-06,8.0,0.011446842580507374
2023-11-07,7.0,0.011194977587656725
2023-11-08,6.0,0.00804387855549866
2023-11-09,6.0,0.006993218077960907
2023-11-10,6.0,0.006592551519820634
2023-11-13,6.0,0.006222525612558536
2023-11-14,6.0,0.005539101514234073
2023-11-15,6.0,0.004833048290253315
2023-11-16,6.0,0.004088211872012923
2023-11-17,6.0,0.0037181824040283767
2023-11-20,6.0,0.0034306873376814735
2023-11-21,6.0,0.003166473710196952
2023-11-22,6.0,0.0029798584200148993
2023-11-23,6.0,0.0028638674114142616
2023-11-24,6.0,0.0027888182783897984
2023-11-27,5.0,0.002850294345072981
2023-11-28,5.0,0.002999093182279305
2023-11-29,5.0,0.002748633920802731
2023-11-30,5.0,0.002832109927865484
2023-12-01,5.0,0.002505050514581849
2023-12-04,5.0,0.0020731782151509285
2023-12-05,5.0,0.002301202920360461
2023-12-06,5.0,0.0022274454057877183
2023-12-07,5.0,0.0021241486187202553
2023-12-08,5.0,0.002029133925211423
2023-12-11,5.0,0.0019287959006445655
2023-12-12,5.0,0.0018655652072950943
2023-12-13,5.0,0.0022803764326586574
2023-12-14,6.0,0.0031141222766251212
2023-12-15,6.0,0.005402925630851882
2023-12-18,6.0,0.005147571227113613
2023-12-19,6.0,0.0049206034365617485
2023-12-20,6.0,0.004744425084064072
2023-12-21,6.0,0.004619962969363254
2023-12-22,6.0,0.004521119716131722
2023-12-25,6.0,0.004835734645041224
2023-12-26,6.0,0.0044340037800851715
2023-12-27,7.0,0.0042953285917778
2023-12-28,6.0,0.003909420020700747
2023-12-29,5.0,0.003735653660194126
2024-01-02,5.0,0.0034815444550847507
2024-01-03,5.0,0.0031230564300464836
2024-01-04,5.0,0.0028390640901915123
2024-01-05,5.0,0.0024916142103870473
2024-01-08,5.0,0.0030465306047317616
2024-01-09,5.0,0.004464423978088437
2024-01-10,5.0,0.0056414849955568145
2024-01-11,5.0,0.005668338484900585
2024-01-12,5.0,0.00571803462650087
2024-01-15,5.0,0.006472364933910671
2024-01-16,5.0,0.006495083820747225
2024-01-17,6.0,0.006647411596718475
2024-01-18,6.0,0.00679412118395914
2024-01-19,6.0,0.006013091780812002
2024-01-22,6.0,0.0059203445539050105
2024-01-23,6.0,0.005635810805104094
2024-01-24,6.0,0.005424430035229548
2024-01-25,6.0,0.005289941227667299
2024-01-26,6.0,0.0052102315728813275
2024-01-29,5.0,0.00518010720249967
2024-01-30,5.0,0.005178787444692945
2024-01-31,6.0,0.005209624484217416
2024-02-01,6.0,0.005269262279920052
2024-02-02,6.0,0.0054480822338064915
2024-02-05,6.0,0.005378315050744059
2024-02-06,6.0,0.005412260739717561
2024-02-07,6.0,0.004779592937342309
2024-02-15,6.0,0.004279190015059378
2024-02-16,6.0,0.004878138066215789
2024-02-19,5.0,0.003976919892856137
2024-02-20,5.0,0.003271800649418086
2024-02-21,5.0,0.003171768981523248
2024-02-22,6.0,0.0044873693640946535
2024-02-23,7.0,0.004242262755646364
2024-02-26,8.0,0.004137913661941956
2024-02-27,6.0,0.003984004620204608
2024-02-28,5.0,0.0030517136094264426
2024-02-29,5.0,0.0029877559113674844
2024-03-01,5.0,0.0030020932901296082
2024-03-04,5.0,0.0031003971207219576
2024-03-05,5.0,0.00255930280420083
2024-03-06,5.0,0.0025743042172351074
2024-03-07,5.0,0.0028891397895908916
2024-03-08,5.0,0.0029678915558988437
2024-03-11,5.0,0.003106419317748884
2024-03-12,5.0,0.0032669792812892325
2024-03-13,6.0,0.0037080723501989403
2024-03-14,6.0,0.0049935436916775
2024-03-15,6.0,0.005238966171080229
2024-03-18,7.0,0.005599031573497952
2024-03-19,7.0,0.00561042522292055
2024-03-20,7.0,0.005625418370471927
2024-03-21,7.0,0.005239794494905141
2024-03-22,7.0,0.005151599117765701
2024-03-25,7.0,0.005174460250585239
2024-03-26,7.0,0.005385625103780972
2024-03-27,7.0,0.005389485916407397
2024-03-28,7.0,0.005222692597281918
2024-03-29,7.0,0.005245606338704448
2024-04-01,7.0,0.005287873079135349
2024-04-02,6.0,0.005442214423114584
2024-04-03,6.0,0.005640185658090708
2024-04-04,6.0,0.005898318784270636
2024-04-05,7.0,0.0062103878286667615
2024-04-08,7.0,0.0066809689352795056
2024-04-09,7.0,0.00695904432815313
2024-04-10,7.0,0.007422307792921616
2024-04-11,7.0,0.0078512435645165
2024-04-12,7.0,0.008145889930726626
2024-04-15,7.0,0.008470138070607475
2024-04-16,7.0,0.008825875446776937
2024-04-17,7.0,0.009232407086599764
2024-04-19,7.0,0.009685943012789628
2024-04-22,7.0,0.010294632952909642
2024-04-23,7.0,0.011565182999968195
2024-04-24,8.0,0.014086348429927982
2024-04-25,8.0,0.015235903429863678
2024-04-26,8.0,0.01528117843972324
2024-05-02,8.0,0.015384077681774076
2024-05-03,8.0,0.015360091429456971
2024-05-06,9.0,0.01562040694820824
2024-05-07,9.0,0.015409875476169076
2024-05-08,9.0,0.015237572971531105
2024-05-09,9.0,0.015095987394325374
2024-05-10,10.0,0.014919968958188319
2024-05-13,10.0,0.01479316144520432
2024-05-14,9.0,0.01469532011425557
2024-05-15,8.0,0.013462207117909217
2024-05-16,7.0,0.0098179910707438
2024-05-17,6.0,0.008378864332450248
2024-05-20,6.0,0.007623048247900868
2024-05-21,6.0,0.0073114045072981155
2024-05-22,6.0,0.007025608222735325
2024-05-23,6.0,0.006677295347718288
2024-05-24,6.0,0.006482829661101584
2024-05-27,6.0,0.0063627621129066225
2024-05-28,6.0,0.006089634918044874
2024-05-29,6.0,0.005947406766669535
2024-05-30,6.0,0.005860149670387767
2024-05-31,6.0,0.0058287264824202715
2024-06-03,6.0,0.005895860956698897
2024-06-04,6.0,0.0055914664275956115
2024-06-05,6.0,0.005737211540279991
2024-06-06,6.0,0.005448746874581135
2024-06-07,6.0,0.005183381102307038
2024-06-10,6.0,0.004958281929377218
2024-06-11,6.0,0.005190755622441862
2024-06-12,6.0,0.004831488451965971
2024-06-13,7.0,0.004704212802128723
2024-06-14,7.0,0.004501217317930484
2024-06-17,6.0,0.004407726326984106
2024-06-18,5.0,0.004417675091401918
2024-06-19,5.0,0.004500702327624554
2024-06-20,5.0,0.004650468775045644
2024-06-21,4.0,0.00485242967183258
2024-06-24,5.0,0.005087516042396065
2024-06-25,5.0,0.005408199307370716
2024-06-26,5.0,0.006235844858094925
2024-06-27,5.0,0.006544826431171244
2024-06-28,6.0,0.00689959539599743
2024-07-01,6.0,0.009631568644743124
2024-07-02,5.0,0.009400329588517163
2024-07-03,5.0,0.009355169540333736
2024-07-04,5.0,0.00933887950677157
2024-07-05,5.0,0.009320631167365851
2024-07-08,5.0,0.009279486743348421
2024-07-09,5.0,0.009098237265549858
2024-07-10,5.0,0.00900570666493076
2024-07-11,7.0,0.012906690824439038
2024-07-12,7.0,0.013440643746302989
2024-07-15,8.0,0.013923627192582574
2024-07-16,9.0,0.014361115401203254
2024-07-17,9.0,0.014105002286672559
2024-07-18,9.0,0.013887519855770136
2024-07-19,9.0,0.013714091923844656
2024-07-22,10.0,0.013553189160183282
2024-07-23,11.0,0.013470029713520036
2024-07-24,10.0,0.013505927643695244
2024-07-25,10.0,0.013603070859485256
2024-07-26,9.0,0.013784166760389148
2024-07-29,9.0,0.013972973194770763
2024-07-30,9.0,0.014127327268065303
2024-07-31,9.0,0.013727640704970347
2024-08-01,9.0,0.013877337386870891
2024-08-02,9.0,0.013842472474918165
2024-08-05,9.0,0.013813752258381025
2024-08-06,9.0,0.013865991458201405
2024-08-07,8.0,0.013936368394974002
2024-08-08,8.0,0.013992649352543627
2024-08-09,8.0,0.014059285115442717
2024-08-12,8.0,0.01341680062296074
2024-08-13,8.0,0.01312309389007671
2024-08-14,8.0,0.010928711641981415
2024-08-15,8.0,0.010808330019155833
2024-08-16,7.0,0.009738188804170567
2024-08-19,7.0,0.008763049713271999
2024-08-20,7.0,0.008132139855693119
2024-08-21,7.0,0.0061007528230965415
2024-08-22,7.0,0.005812985375452299
2024-08-23,6.0,0.005079482750365446
2024-08-26,5.0,0.0047133752170077795
2024-08-27,5.0,0.00438503985025881
2024-08-28,5.0,0.004113691712965224
2024-08-29,5.0,0.0039008559112154364
2024-08-30,5.0,0.0036183213660045954
2024-09-04,5.0,0.0034710381459913966
2024-09-05,5.0,0.0034017878245964695
2024-09-06,5.0,0.003358926024204762
2024-09-09,7.0,0.005123572434360049
2024-09-10,8.0,0.005192212129437993
2024-09-11,8.0,0.005364390649192109
2024-09-12,8.0,0.0055441929257874
2024-09-13,8.0,0.005853901952837242
2024-09-16,9.0,0.006185331349353549
2024-09-17,8.0,0.006222790640301854
2024-09-18,8.0,0.00631160672406811
2024-09-19,8.0,0.006408399454842607
2024-09-20,8.0,0.0067444344878464435
2024-09-23,8.0,0.0069129205723246125
2024-09-24,8.0,0.007058616032646476
2024-09-25,6.0,0.00374427601598533
2024-09-26,6.0,0.002693873247762094
2024-09-27,6.0,0.0026737344259565236
2024-09-30,6.0,0.0026883483661398885
2024-10-01,6.0,0.0024648700631420906
2024-10-02,6.0,0.002462563943139789
2024-10-03,6.0,0.0028920597794571973
2024-10-04,6.0,0.0033782127803295005
2024-10-07,6.0,0.004676988937208147
2024-10-08,6.0,0.004584310230355743
2024-10-09,6.0,0.004566024447183361
2024-10-10,7.0,0.008900774830566649
2024-10-11,7.0,0.009083937987525053
2024-10-14,7.0,0.01139364850212095
2024-10-15,8.0,0.011720611304349888
2024-10-16,10.0,0.012183149922089732
2024-10-17,9.0,0.01214593644644993
2024-10-18,9.0,0.012179668283923495
2024-10-21,9.0,0.012263063427227586
2024-10-22,9.0,0.012378442486286341
2024-10-23,9.0,0.01254075227213019
2024-10-24,9.0,0.012748872911535003
2024-10-25,9.0,0.01302491560935104
2024-10-28,9.0,0.01330786498311235
2024-10-29,9.0,0.013454961273388138
2024-10-30,9.0,0.013718871887635249
2024-10-31,9.0,0.01393221523289453
2024-11-01,9.0,0.014118140619816526
2024-11-04,10.0,0.014314317967236336
2024-11-05,10.0,0.014525495509913947
2024-11-06,9.0,0.014685449846949628
2024-11-07,9.0,0.01490261633657301
2024-11-08,9.0,0.015047868388664743
2024-11-11,8.0,0.015264169165139002
2024-11-12,9.0,0.015434859532383398
2024-11-13,9.0,0.015668852417393984
2024-11-14,9.0,0.015925517840386625
2024-11-15,9.0,0.016172883032461977
2024-11-18,9.0,0.016445716941612853
2024-11-19,10.0,0.016858319979907655
2024-11-20,10.0,0.01702102723376709
2024-11-21,9.0,0.01687464097981845
2024-11-22,9.0,0.016880728526859172
2024-11-25,9.0,0.016846423688047448
2024-11-26,9.0,0.0158054188620402
2024-11-27,9.0,0.015368540124218658
2024-11-28,9.0,0.014916484787606437
2024-11-29,9.0,0.014202798444451083
2024-12-02,9.0,0.013749411477968883
2024-12-03,9.0,0.013369142189415407
2024-12-04,9.0,0.012807506293306138
2024-12-05,10.0,0.011019813792798682
2024-12-06,9.0,0.006976515479284462
2024-12-09,8.0,0.0050598306857954495
2024-12-10,8.0,0.004629396878432002
2024-12-11,7.0,0.0042700254157616345
2024-12-12,7.0,0.003991488541526906
2024-12-13,7.0,0.003798727620375049
2024-12-16,7.0,0.0037265130087863257
2024-12-17,6.0,0.0037774907088052095
2024-12-18,6.0,0.0035519365183948872
2024-12-19,6.0,0.003616453775668282
2024-12-20,6.0,0.003733539133816425
2024-12-23,6.0,0.003639886783361175
2024-12-24,6.0,0.004210645002985514
2024-12-25,6.0,0.0028229446593848488
2024-12-26,7.0,0.0028981577336049747
2024-12-27,7.0,0.002423288774079353
2024-12-30,7.0,0.002260872423055456
2024-12-31,6.0,0.0022142039364072357
2025-01-02,6.0,0.0022555032291261567
2025-01-03,6.0,0.0023617720397632372
2025-01-06,6.0,0.0025642419920330044
2025-01-07,6.0,0.0027377903741335817
2025-01-08,6.0,0.0029885115871920837
2025-01-09,7.0,0.0032987343383952096
2025-01-10,8.0,0.003693651808044917
2025-01-13,8.0,0.004552772553449662
2025-01-14,8.0,0.006217814131441262
2025-01-15,8.0,0.006403716912699207
2025-01-16,8.0,0.00845020371450338
2025-01-17,8.0,0.008694854950845432
2025-01-20,8.0,0.00819276760206508
2025-01-21,8.0,0.008357446036695006
2025-01-22,8.0,0.008509826118809422
2025-01-23,7.0,0.008327383263210907
2025-01-24,7.0,0.008342151953176608
2025-02-03,7.0,0.008389309325081229
2025-02-04,7.0,0.008409097921236503
2025-02-05,7.0,0.008406056036507537
2025-02-06,7.0,0.00841801465432927
2025-02-07,7.0,0.008437295367778104
2025-02-10,7.0,0.00847694518697847
2025-02-11,7.0,0.008623888666384673
2025-02-12,7.0,0.008568786574950405
2025-02-13,7.0,0.008880024543761439
2025-02-14,8.0,0.009948158701739311
2025-02-17,8.0,0.009878254076682606
2025-02-18,8.0,0.00800846916274844
2025-02-19,8.0,0.0062959701120882715
2025-02-20,7.0,0.005205191137989855
2025-02-21,7.0,0.0042441716663848255
2025-02-24,7.0,0.003551819821138363
2025-02-25,7.0,0.0032616850539754325
2025-02-26,7.0,0.0030210087679446397
2025-02-27,7.0,0.0025982963536429387
2025-02-28,6.0,0.002349773003293982
2025-03-03,6.0,0.0021317793746205038
2025-03-04,6.0,0.001861143374156707
2025-03-05,6.0,0.0017365038375572563
2025-03-06,6.0,0.001567036768153793
2025-03-07,6.0,0.0013608109902902997
2025-03-10,6.0,0.0012338481638483403
2025-03-11,6.0,0.0013663738571298338
2025-03-12,6.0,0.0015323653314750127
2025-03-13,6.0,0.0016935956880047781
2025-03-14,6.0,0.0020508127633580018
2025-03-17,6.0,0.001936288535782541
2025-03-18,6.0,0.0018748204414994424
2025-03-19,7.0,0.0018916110184130628
2025-03-20,7.0,0.0019740511571731557
2025-03-21,7.0,0.00213738708503644
2025-03-24,7.0,0.002366383228749537
2025-03-25,7.0,0.00266543455959363
2025-03-26,7.0,0.00301377783748921
2025-03-27,7.0,0.003560615267601135
2025-03-28,8.0,0.003938763478529406
2025-03-31,9.0,0.0048646625528442075
2025-04-01,8.0,0.00630244202899243
2025-04-02,8.0,0.006661677469714107
2025-04-03,8.0,0.008396127708563574
2025-04-04,9.0,0.011642937442765003
2025-04-08,10.0,0.012139917288615616
2025-04-09,10.0,0.012681623764425066
2025-04-10,10.0,0.01565059847799587
2025-04-11,11.0,0.01814676441722475
2025-04-14,11.0,0.018683380189706375
2025-04-15,11.0,0.019134322298085
2025-04-16,11.0,0.01960305531946265
2025-04-17,10.0,0.020125428026558072
2025-04-18,10.0,0.020597557433450105
2025-04-21,10.0,0.02092804989449337
2025-04-22,10.0,0.021268360849796237
2025-04-23,10.0,0.02150653977811917
2025-04-24,10.0,0.02175844660219525
2025-04-25,10.0,0.021904449917799097
2025-04-28,12.0,0.023151407113573268
2025-04-29,11.0,0.02310635035251245
2025-05-05,10.0,0.022919110693338175
2025-05-06,10.0,0.022648042679404633
2025-05-07,10.0,0.022312239703747103
2025-05-08,10.0,0.019983728789576462
2025-05-09,10.0,0.01942544113110186
2025-05-12,10.0,0.018106826343719802
2025-05-13,10.0,0.017056828829534687
2025-05-14,10.0,0.013904766765603245
2025-05-15,10.0,0.012679376573775604
2025-05-16,10.0,0.011837352989918505
2025-05-19,10.0,0.011062524766538953
2025-05-20,10.0,0.010073395065782415
2025-05-21,10.0,0.009136095709185024
2025-05-22,10.0,0.008376746649515189
2025-05-23,10.0,0.0076833267609130096
2025-05-26,10.0,0.0068790554090189145
2025-05-27,10.0,0.00595755743850765
2025-05-28,10.0,0.00529512909966896
2025-05-29,10.0,0.004687500404082876
2025-05-30,10.0,0.004237826856444201
2025-06-02,10.0,0.0038124606331420645
2025-06-03,9.0,0.003375336113367273
2025-06-04,8.0,0.003188613081839991
2025-06-05,7.0,0.0031169317543738007
2025-06-06,6.0,0.003173664795899888
2025-06-09,7.0,0.0033585464835576336
2025-06-10,7.0,0.003641576892750532
2025-06-11,7.0,0.004034972609787471
2025-06-12,7.0,0.00452345094011061
2025-06-13,7.0,0.005351310222547518
2025-06-16,6.0,0.0052828715754005984
2025-06-17,5.0,0.0052077227277522705
2025-06-18,5.0,0.005524946158076609
2025-06-19,5.0,0.004745046135421664
2025-06-20,5.0,0.004784566799267638
2025-06-23,5.0,0.004944076990571907
2025-06-24,5.0,0.0050995524964462975
2025-06-25,5.0,0.006534193538699313
2025-06-26,5.0,0.007299157105226661
2025-06-27,5.0,0.007202659981920104
2025-06-30,5.0,0.007220337009194501
2025-07-01,8.0,0.011932721607496678
2025-07-02,9.0,0.016551593874424897
2025-07-03,10.0,0.016403058878314728
2025-07-04,10.0,0.016209549894498097
2025-07-07,9.0,0.014084708586434052
2025-07-08,8.0,0.012455087615612028
2025-07-09,8.0,0.011588915629401779
2025-07-10,8.0,0.010866896397904897
2025-07-11,6.0,0.0061242145624050715
2025-07-14,6.0,0.004453523773862009
2025-07-15,6.0,0.004390191017600708
2025-07-16,6.0,0.004355655339648753
2025-07-17,7.0,0.0035106393119584316
2025-07-18,6.0,0.003008378955211111
2025-07-21,6.0,0.0028071189727340946
2025-07-22,6.0,0.0023391540817111283
2025-07-23,6.0,0.0021879760244775024
2025-07-24,6.0,0.0018626422351776183
2025-07-25,6.0,0.0015504718194171896
2025-07-28,6.0,0.0013119196047665248
2025-07-29,6.0,0.0011775468866147421
2025-07-30,6.0,0.001128408476273273
2025-07-31,6.0,0.0011518858675630603
2025-08-01,5.0,0.0012268820861481733
2025-08-04,5.0,0.0013436834060105768
2025-08-05,5.0,0.0015148298991909208
2025-08-06,5.0,0.0016982754713702225
2025-08-07,6.0,0.002245151666416221
2025-08-08,6.0,0.0023322767967706272
2025-08-11,5.0,0.0024454310369872866
2025-08-12,5.0,0.0025671581896073515
2025-08-13,6.0,0.0027226148914686063
2025-08-14,6.0,0.0020222235654726293
2025-08-15,5.0,0.0020476274382081076
2025-08-18,4.0,0.0021322712566094817
2025-08-19,4.0,0.0022847858977321066
2025-08-20,4.0,0.0023321694414289123
2025-08-21,4.0,0.002355771253796379
2025-08-22,4.0,0.0023177393645481058
2025-08-25,4.0,0.002340826112003176
2025-08-26,4.0,0.0026504801485570098
2025-08-27,4.0,0.003175024430429966
2025-08-28,4.0,0.0038087085869677245
2025-08-29,5.0,0.005075751411146289
2025-09-03,5.0,0.005425544491745698
2025-09-04,5.0,0.0062265987998146605
2025-09-05,5.0,0.006316620763494588
2025-09-08,6.0,0.006452451839056886
2025-09-09,6.0,0.006640468793037775
2025-09-10,6.0,0.00686476783158703
2025-09-11,7.0,0.009987563629817882
2025-09-12,7.0,0.010402499637148207
2025-09-15,7.0,0.010945628055160455
2025-09-16,7.0,0.01119222593532017
2025-09-17,8.0,0.011446244732037163
2025-09-18,8.0,0.012114201360323896
2025-09-19,8.0,0.013493360665442662
2025-09-22,9.0,0.013724895206721384
2025-09-23,9.0,0.01402635888989479
2025-09-24,8.0,0.014090686217299742
2025-09-25,8.0,0.014252113072737929
2025-09-26,9.0,0.014463416282290762
2025-09-29,10.0,0.014479628947090322
2025-09-30,9.0,0.01450088234493735
2025-10-01,9.0,0.014515910697553916
2025-10-02,8.0,0.014593276267949682
2025-10-03,7.0,0.014698422833545634
2025-10-06,7.0,0.013745176270792728
2025-10-07,7.0,0.013808927449044021
2025-10-08,8.0,0.013499711224349375
2025-10-09,7.0,0.012851531108378543
2025-10-10,6.0,0.010325596608128462
2025-10-13,6.0,0.009056442024913097
2025-10-14,6.0,0.008804369971733535
2025-10-15,5.0,0.008572561096907072
2025-10-16,5.0,0.008331447782665192
2025-10-17,5.0,0.008082183100506143
2025-10-20,6.0,0.007861763113698737
2025-10-21,6.0,0.007694239391594304
2025-10-22,8.0,0.008816111380218795
2025-10-23,8.0,0.008601803714714185
2025-10-24,8.0,0.008406311803386267
2025-10-27,8.0,0.008241119541561264
2025-10-28,7.0,0.008146339299976163
2025-10-29,7.0,0.008087234569832447
2025-10-30,6.0,0.008060452999021764
2025-10-31,7.0,0.008046726892727726
2025-11-03,7.0,0.008121309432961752
2025-11-04,6.0,0.008165343387219099
2025-11-05,6.0,0.008233324310532966
2025-11-06,6.0,0.00833057364124902
2025-11-07,7.0,0.008473341138599051
2025-11-10,7.0,0.008673272512950489
2025-11-11,7.0,0.008930412082193698
2025-11-12,5.0,0.008814071917109432
2025-11-13,5.0,0.008865933740662179
2025-11-14,5.0,0.00890402102449247
2025-11-17,7.0,0.00945744252267086
2025-11-18,7.0,0.009368867284707856
2025-11-19,6.0,0.009328711618183093
2025-11-20,6.0,0.009346447669026037
2025-11-21,5.0,0.009363403335796867
2025-11-24,5.0,0.009318690551039892
2025-11-25,5.0,0.009268194357615863
2025-11-26,5.0,0.009152982825547294
2025-11-27,5.0,0.009178567118999566
2025-11-28,6.0,0.009183875019275383
2025-12-01,6.0,0.008933887035008213
2025-12-02,6.0,0.008605766317467638
2025-12-03,5.0,0.008321364594591625
2025-12-04,5.0,0.008062262666005142
2025-12-05,5.0,0.007828537452558695
2025-12-08,5.0,0.007550454658755961
2025-12-09,5.0,0.007270062450798159
2025-12-10,6.0,0.006966185240347094
2025-12-11,6.0,0.00671716900183963
2025-12-12,8.0,0.006518795600462935
2025-12-15,8.0,0.0062690872894371925
2025-12-16,7.0,0.006067437720600742
2025-12-17,7.0,0.00595424158609202
2025-12-18,7.0,0.005865653316218535
2025-12-19,7.0,0.005255801922157734
2025-12-22,6.0,0.0053981142794671975
2025-12-23,6.0,0.004575040423673296
2025-12-24,6.0,0.004120226449017449
2025-12-25,6.0,0.0037138506122983846
2025-12-26,6.0,0.003390282941267846
2025-12-29,6.0,0.003241412817842519
2025-12-30,6.0,0.003006204026850412
2025-12-31,6.0,0.0028393922370403605
2026-01-05,5.0,0.0027566122843429974
2026-01-06,5.0,0.00215721548775896
2026-01-07,5.0,0.0016972053737252335
2026-01-08,5.0,0.0016176372214222465
2026-01-09,5.0,0.0015320455233807874
2026-01-12,5.0,0.0019329260089129276
2026-01-13,6.0,0.0017061378305399087
2026-01-14,5.0,0.0016590815369412599
2026-01-15,5.0,0.0016877462680751408
2026-01-16,5.0,0.0017652534211016425
2026-01-19,5.0,0.0020656213097776004
2026-01-20,5.0,0.0024591241710144093
2026-01-21,6.0,0.002561769748913156
2026-01-22,6.0,0.0027600048267953227
2026-01-23,7.0,0.0033462237034630016
2026-01-26,8.0,0.004109347922611111
2026-01-27,8.0,0.004587829379515272
2026-01-28,9.0,0.005179072850779578
2026-01-29,9.0,0.005987584177744951
2026-01-30,8.0,0.007469757128419235
2026-02-02,9.0,0.009932703837175297
2026-02-03,9.0,0.010294240021512056
2026-02-04,9.0,0.010751800045347674
2026-02-05,9.0,0.011308706125945788
2026-02-06,10.0,0.011843616036565096
2026-02-09,10.0,0.012454274317428947
2026-02-10,10.0,0.01311578923124884
2026-02-11,9.0,0.013459211644178716
2026-02-12,9.0,0.013258824568748473
2026-02-13,9.0,0.012862103817480614
2026-02-23,8.0,0.01205578239946615
2026-02-24,7.0,0.008715017978079968
2026-02-25,7.0,0.008724918446503612
2026-02-26,7.0,0.007244019155864368
2026-02-27,7.0,0.006745633004337609
2026-03-02,7.0,0.006500409086772196
2026-03-03,7.0,0.006324824849413859
2026-03-04,6.0,0.006226288080641892
2026-03-05,5.0,0.006176794735740392
2026-03-06,5.0,0.0061225073926677405
2026-03-09,6.0,0.006119498650710579
2026-03-10,6.0,0.006220881623560404
2026-03-11,6.0,0.006358446331242454
2026-03-12,6.0,0.006660388913233747
2026-03-13,6.0,0.007187259005098894
2026-03-16,8.0,0.008127296555833396
2026-03-17,8.0,0.007720563711058317
2026-03-18,8.0,0.007325503212550488
2026-03-19,8.0,0.007116292384751263
2026-03-20,8.0,0.006820526776254792
2026-03-23,9.0,0.006636528727860784
2026-03-24,8.0,0.00661175175084846
2026-03-25,6.0,0.006393105424391794
2026-03-26,6.0,0.006370896075198576
2026-03-27,7.0,0.006425565829880021
2026-03-30,7.0,0.0062935776713984514
2026-03-31,6.0,0.006074802397427798
2026-04-01,6.0,0.005822065673984405
2026-04-02,6.0,0.00568626255647397
2026-04-03,6.0,0.00559388467954379
2026-04-06,6.0,0.005602336698304216
2026-04-07,6.0,0.005529077659410903
2026-04-08,6.0,0.005346294207716701
2026-04-09,6.0,0.005366600788837064
2026-04-10,6.0,0.005362125121368714
2026-04-13,6.0,0.00535845698594126
2026-04-14,6.0,0.005383709395305206
2026-04-15,6.0,0.005213425571886459
2026-04-16,6.0,0.0050718290632638125
2026-04-17,6.0,0.005021263017297892
2026-04-20,6.0,0.004964870723337146
2026-04-21,6.0,0.0050495548278112696
2026-04-22,6.0,0.0050301228168888315
2026-04-23,6.0,0.005612053148705134
2026-04-24,7.0,0.007158024751605779
2026-04-28,7.0,0.00697087384908036
2026-04-29,7.0,0.006783265230686898
2026-05-04,7.0,0.006391021318913875
2026-05-05,7.0,0.0060469328587315786
2026-05-06,7.0,0.006042114860022817
2026-05-07,7.0,0.005383709414680148
2026-05-08,7.0,0.0050688955346804695
2026-05-11,7.0,0.004407297273676751
